,Query,Hit_Sequence,E-value,Identity,Query_Sequence
0,Sequence_194,seq_97497,4600.0,1.0,UAUUUUUUACAACUAUUAAACAUAAUCUUA
1,Sequence_217,seq_52130,5600.0,1.0,UCUUAAUCCAUCAAAAUUACAG
2,Sequence_69,seq_161696,8000.0,1.0,CACUUCUGUUCAUAUUUUUGUUUCUUUUUUAAUCG
3,Sequence_246,seq_52653,2100.0,1.0,AUUUACAUCAUUUACUUUCAUUAAUG
4,Sequence_172,seq_48535,2000.0,1.0,UUUAAUAAACCAUCCAUUUUUCAUCUU
5,Sequence_320,seq_30687,3100.0,0.9444444444444444,CAUAUUUCAUUGCUUUAUAAUUGCCAAGUAUCUUUGCCUUCUUUCCAUUAG
6,Sequence_257,seq_35748,1400.0,1.0,UUCCUUAAUAAUCUUUAUUUUACACCAG
7,Sequence_529,seq_84859,5800.0,1.0,UUUUUUUCUCUUCCCUUUUAAUUAAAAAACAAAU
8,Sequence_289,seq_121925,780.0,1.0,CCCCUUUUUAUUCUACCUUUAAUCCUAAUUCUG
9,Sequence_833,seq_114749,4000.0,1.0,CUCAAUUACUACUCAACCUUCUG
10,Sequence_884,seq_87225,3800.0,1.0,UACACCAUUUUAUAUAUUUUUACAUUG
11,Sequence_909,seq_25691,5900.0,1.0,UUUUUUUUUCAUUUUUGUUUUCUUUCUGCUACAUAACUUUCUG
12,Sequence_642,seq_16742,8400.0,1.0,UUUUAAUUUACUUUCUUAUUUUCAGAUAUUUAAAAA
13,Sequence_119,seq_107937,11000.0,1.0,CAUAUUAAAAUCAGGCAACUCUG
14,Sequence_919,seq_91964,280.0,1.0,UUUUACUUUCUUUUUUUUUUUAAACCCCACCUAAG
15,Sequence_364,seq_87551,4500.0,1.0,AUUUCUCUUCUUUUAAAUACUUUUAAAAUCCG
16,Sequence_1000,seq_74885,2300.0,1.0,AUUAAAAUACUUCUUUUUCCCAAG
17,Sequence_150,seq_14374,6600.0,1.0,UUACCCAAUACUUACUUCCUACUUUAUUUCUCAA
18,Sequence_681,seq_11308,7800.0,1.0,UAUUCCUCCUUUAACAUAUUUUUAUCUAACAG
19,Sequence_197,seq_127804,5200.0,1.0,AUUUAUAAAACAUUUUUUUCUUCUCUUUAUUAUUU
20,Sequence_163,seq_76711,1800.0,1.0,CUAUCUUACAUAUUUAUUUUACUUUUUA
21,Sequence_651,seq_136381,4900.0,0.875,GCCUCGCACACAUGAAUUUUCUAAAUGCAAACUUCUGUCUUCAUAGAACAUUCUGACCCUAG
22,Sequence_934,seq_129903,3100.0,0.9411764705882353,GCCUCCCAUCCUUAAUAAUUAGUUUAUAAUAUAAAAAGGGUCUGCUAG
23,Sequence_797,seq_124730,3900.0,1.0,ACACUUUAUACCUUUUUCCAUUUUCCCAAAAAUUUAUA
24,Sequence_146,seq_168672,2400.0,1.0,UUUACCAUACUCACAAUUUCCAG
25,Sequence_860,seq_134417,8200.0,0.9230769230769231,AGGAGCAACACCAGUUAUAUAUUUGACCAUUACCUUCCUGU
26,Sequence_33,seq_170358,6800.0,1.0,AUUCCUUUUAUUAUUAUUCUUUCCCUG
27,Sequence_926,seq_59402,6600.0,0.9285714285714286,AGAUAGUUUUUUUCCUAAAGAUGAGCGCUAGGGCUAUCGCCU
28,Sequence_457,seq_78201,2200.0,1.0,CAUACUUUUUUUCAUUCCUCACCA
29,Sequence_597,seq_151489,2000.0,1.0,ACUAUAAUUUUCUCCUACAAAG
30,Sequence_564,seq_158544,3700.0,1.0,UUCUACUUUUACUCUCUACAACUUG
31,Sequence_569,seq_106774,2300.0,0.9375,UAUUUGCCUGACUUUGUGCUUCAUAACACAGAUCAACUGUACCAGAGGGACUCG
32,Sequence_536,seq_154654,2700.0,1.0,UUCACCCCUACAAAAU
33,Sequence_26,seq_147830,4000.0,1.0,AUACAUUACUCCUUUUUAUCAUUCUCUUCU
34,Sequence_50,seq_155229,2200.0,0.8235294117647058,GACAAUGCCAAGACCUUAUCCAAGGCUGGUCGGGCACCAA
35,Sequence_57,seq_119660,5500.0,0.9375,UUUUUUAAUUUCUUUUUCUCAAUUUAUAAUUAUAAAUCAG
36,Sequence_816,seq_149303,1900.0,1.0,ACACUUUAACCCAAUUUUUUUUCUUUG
37,Sequence_615,seq_20089,5800.0,1.0,AGCUUUUUUUUCCUCUUUUAAA
38,Sequence_921,seq_138560,7100.0,1.0,AUUUUAAUUUUCAAUUUUUCUCAUUUUCUG
39,Sequence_247,seq_145241,4800.0,0.95,UUUUUCAAAAUAAUAUAAUUAUUUAUAUUUAUUUUCUCA
40,Sequence_936,seq_44490,1900.0,0.9230769230769231,UCUCGAUGCUUUUAUGUGAACGCAG
41,Sequence_973,seq_142398,3500.0,1.0,UUCACCUCCACAUUAUUUACACUUA
42,Sequence_604,seq_61862,6500.0,0.9473684210526315,CAUUAACAUCUGGCCAUAUUAUUAUUUUUAAAUAAACCCAG
43,Sequence_799,seq_112858,3300.0,1.0,AUCACUUUUUUCACAUUUUUAAUG
44,Sequence_978,seq_73363,5100.0,1.0,CAUAAUAUAACCAUUACAUAACAUUUCUUUUUUU
45,Sequence_297,seq_66470,2700.0,1.0,UUUCUUCUAAUUUACCUUCAAAUUG
46,Sequence_552,seq_122853,4900.0,1.0,AUUAUAAUUUUUUUUCAACACUCUUUUG
47,Sequence_777,seq_162282,7000.0,1.0,AUAACUUUAUACUUAUUUUUUAGUUUUUAUUUUUAUUAAAAGUUUAUAUUUUG
48,Sequence_737,seq_164092,4000.0,1.0,UUCUUCAUUUAUAUUUCAACUUAACAU
49,Sequence_818,seq_113083,240.0,1.0,UUCAAAUCAGCUCAGAACUAAUUUUUUUUUUUUAAACAAAACAUG
50,Sequence_573,seq_57885,1900.0,1.0,CACUACCAUUCUACACAAUAACUG
51,Sequence_644,seq_16309,4500.0,1.0,CUGCUUUAUAAAUUUCUUCUUUUCCACCCUG
52,Sequence_347,seq_86932,5700.0,1.0,CUUUUAUAAUUACAUUCUUUUAUAUUUAUG
53,Sequence_410,seq_164123,1400.0,1.0,GGCUAUAUUCUUACCAAUUGACUG
54,Sequence_802,seq_158124,4400.0,1.0,UCAUGAAUUUCCUUUUUUCUUCCCCUCUCUUUUUUUUUUAGA
55,Sequence_962,seq_27937,2400.0,1.0,UCCUAAAUAUACCAUUAUUAUUAUUUUAUA
56,Sequence_476,seq_43616,4400.0,1.0,UUGCAGCUGGUUGUAUU
57,Sequence_949,seq_65581,3300.0,1.0,AAUUUACAACUUCAACUUAAUUUUUCU
58,Sequence_267,seq_75558,4400.0,1.0,AUUUCAUUUAUUUACCUUUUACUUAAC
59,Sequence_174,seq_152566,6100.0,1.0,UACAUCCUCCAACUUUUUGUUUUCCUUUUUUUUUCCUCUUUUUCUGCCUGAG
60,Sequence_129,seq_129491,2600.0,0.85,AGACCUGAAGUCUUAUCGUCAGUCUAUAUCACGCAUGUUGCC
61,Sequence_687,seq_78113,5400.0,0.9375,AGGACAGUCCAGGACGUUUGCCUUGCUUAUUUUUUCCUCUUUAUG
62,Sequence_750,seq_13062,1300.0,1.0,AAACCCACACUCCUUUUUCACAUAUACCG
63,Sequence_34,seq_83335,1600.0,1.0,CACUCUUUAAAACUUAAAUAUAUG
64,Sequence_519,seq_102648,4600.0,1.0,CUAUCAAUUUUUUUCUUCUAAAUUUAG
65,Sequence_508,seq_111797,8900.0,1.0,UACUAAUUCAUAUUUUCAUUUCAUUUUUAUAUUAUUUAAA
66,Sequence_645,seq_93878,10000.0,1.0,UUCAUUCCUGUCCUCCUUAUAAUUUAUUUCCAUUUUUUAUUG
67,Sequence_554,seq_31410,1500.0,1.0,CAUCCCCAUUACUUUUAUUUCUAG
68,Sequence_842,seq_160110,7700.0,1.0,UGCUCAUUUUUUAAACCUAAGUGUACAACUCCUGUAACUG
69,Sequence_832,seq_165679,620.0,1.0,AUCUUUUUUUCUACUUUCAUCUAAACAAAG
70,Sequence_511,seq_109590,5800.0,1.0,UUUCUAAUCUUUUAUUUUUUAUUUUUAAACUCCAAG
71,Sequence_807,seq_69292,6200.0,0.9230769230769231,AGGCAGUUUUAUGAGGUCGGUCGCAUUGGGUUGCACC
72,Sequence_982,seq_66578,7200.0,1.0,UUUUAACUUUUCCUCCAUUUCUU
73,Sequence_72,seq_22928,5000.0,1.0,UUUUUUUUUUUCCUCUUCUUCCCCAG
74,Sequence_831,seq_61625,2400.0,0.9411764705882353,GUUGGAAAGUAUGGGAUCAUUUAUUUUCCUCUUCCCCCUUUCUG
75,Sequence_384,seq_170467,3900.0,0.9333333333333333,CUUUAAUUUCAGUAUUAUCAAAUACUAAAGCAAUG
76,Sequence_223,seq_110284,14000.0,1.0,CAAAUAACUAAUAAAUAAACGCCCAAUG
77,Sequence_964,seq_141034,3700.0,0.9444444444444444,UUAAAUCUCAUUUCUUUGUUUCCUGUUUCUAACUCUUUG
78,Sequence_738,seq_165864,9000.0,1.0,ACCAAUUUUCUUUUAAUUCACAUACUG
79,Sequence_625,seq_161788,7300.0,1.0,AAUCAUAUUUACUCCAUCCUCUUUCA
80,Sequence_774,seq_164425,6000.0,1.0,UCUCCUAUUUCAUUUAUUUUCUCAAAUUAG
81,Sequence_11,seq_16232,2500.0,1.0,CUUAAUCUCACUAUUUAUGUCCUCUG
82,Sequence_322,seq_8793,2200.0,1.0,UUUUUAAUCUAUUCUACCAUUUUUUUUUUGAAAAG
83,Sequence_559,seq_15733,8500.0,1.0,UCCUAUUAUUUUUUAUAUCUCUAUCCUCUAACUUUUACUG
84,Sequence_856,seq_59190,3700.0,1.0,AAUUUUAUAAUUUACCACUUUUAUUUG
85,Sequence_55,seq_78006,960.0,1.0,UUAUAUUUCCAUCCAAUUCUUCUG
86,Sequence_481,seq_66422,4000.0,1.0,AAUUCACUUUUAUCAUUAAAAUACAG
87,Sequence_720,seq_131521,9800.0,1.0,UUUUUAAAAUAUAUUUUUCAUACCUACUUG
88,Sequence_672,seq_113882,5500.0,1.0,UCUCAAAAUCAAUUUUUUUCUUUUUUAUUACUUUAAAGG
89,Sequence_221,seq_123709,6200.0,1.0,UUUUUAAAAUAUUUUUUCUUUUCUCCAUACAUUUAG
90,Sequence_375,seq_54553,5200.0,1.0,AUCUAUCUUUAUAAUUUCCUUAAACUUCU
91,Sequence_861,seq_102584,3100.0,1.0,CCUAAAAAAUUUCCUAGAAAAUUUUCUUUAUACUGAUUG
92,Sequence_758,seq_169684,7100.0,1.0,UCUAUUCUUUCUUAUUACUCAUAUUCCAAUG
93,Sequence_392,seq_73005,8400.0,1.0,UUCUUAUCUCUUUACCUUCCCAUCAUUUUAUUAAUUCUA
94,Sequence_733,seq_46025,800.0,1.0,UUUUACCAAUCUCCCACAUUUUG
95,Sequence_89,seq_7548,2600.0,1.0,UUCUAUAAAUUUUUUCAUUUUACAUGUAA
96,Sequence_727,seq_50265,4300.0,1.0,AUUCAUUUUUUAGUCAACUGUUUGAUUAAUG
97,Sequence_545,seq_29755,6100.0,1.0,ACCUCAAUUAAUCCCUUUUAUUUUAUUUUUUUUUACAAG
98,Sequence_924,seq_16897,9800.0,1.0,UACAUUGAUAAUUUUUCUAAUCACUUUCUACGUAGU
99,Sequence_239,seq_169683,2300.0,0.9444444444444444,CAUCUAAUAAUUCACCUACUUACUUAACUUUUUCUUUG
100,Sequence_522,seq_67901,3200.0,1.0,AUUUUUAUUCUUAAACAUUUUAUCG
101,Sequence_327,seq_121589,7700.0,1.0,CUUGUUUAUAUACUCUUUAUUUGUUUUUAAAUUAUUUAUG
102,Sequence_583,seq_128969,4500.0,0.9411764705882353,ACCAUGGUAUUAUACCUUUUUUCUUAUCUCAAGCUUAAAG
103,Sequence_167,seq_141096,4800.0,0.9375,CCAGGUGGCAAUGACAAAUGACUCAUUACAUUUAACAUAUUUUUUCUUGUACA
104,Sequence_954,seq_101758,4600.0,0.9444444444444444,CAUUUGACAAAUAAAAUUUUUCUAUCCUCUCUCUGGUAUAAGCCUUUUUAAAAGUAACAAUG
105,Sequence_685,seq_44813,3100.0,1.0,UUUUAAUUCAAACAUAUCUCAAAUU
106,Sequence_548,seq_141036,9900.0,1.0,GACUAUUAUUUAUGUAUUAUAAUUUUAAUUUUAAAAUCUUUACAAAG
107,Sequence_763,seq_64798,4700.0,1.0,UUUCAACUUUCUUCUUACUAUUUUUAAG
108,Sequence_434,seq_79781,3500.0,0.95,UCUUUUAGACAUUGUUUUGCACCAUUUUACUUUAUAAUUUCACUG
109,Sequence_641,seq_79821,5900.0,1.0,UAUCAUUUAAUUUUUUUUAAACUCCAAGAUGUAUAA
110,Sequence_102,seq_301,1100.0,1.0,UCUUUUUAUUUUAUUUUUCAAACUCACG
111,Sequence_16,seq_160474,3100.0,1.0,AUAUAUUCUACUAUUUUUCACAAUAUG
112,Sequence_853,seq_143263,7200.0,1.0,UUAAUAAACAAUUUUUUACUUUAUUUUCUUG
113,Sequence_908,seq_106086,6500.0,1.0,AUAUCAAUCAUUUUUACUUUAUUAUUUUAUA
114,Sequence_894,seq_158187,3900.0,1.0,AUCAUUCUUUUCUCUUAAAUUUCA
115,Sequence_408,seq_38692,630.0,1.0,AUUCUCCCAUUUUUUCCUACAAG
116,Sequence_576,seq_1286,7200.0,1.0,CGCAUUCUACGUAGCCCCAGAGGACCUAAUUUUUUUUUAAAG
117,Sequence_647,seq_22206,2600.0,1.0,UUCUCAAUUCUACCACAUAUUUUUAAUCUG
118,Sequence_836,seq_108601,10000.0,1.0,UAAAUCUUUCUCUUAAUAUUACCUAUCU
119,Sequence_334,seq_22825,5400.0,1.0,UUAUUUAUAUUUUUUUUCCACUUUAAUAG
120,Sequence_744,seq_49404,1500.0,0.9444444444444444,UACUCUACAAUAUUUUUUACCAAAUUUCCUACUCCUUUCA
121,Sequence_859,seq_143355,3500.0,1.0,UUACCUAACCUUUUCUUAUUUCAUAUG
122,Sequence_506,seq_160497,6100.0,1.0,AUCUCAUAUUUUCCAUAUUUUUUCUAUAUAG
123,Sequence_345,seq_133084,5900.0,0.9375,UUUAGUGUUUGAAUAGUAGUUUUUUGUUACUCAUUUUUUCCUUCUUUCUCCUCUGCCA
124,Sequence_400,seq_96870,3800.0,1.0,AAACUUCCUUUUCUUUUCUAUCAUACAUUG
125,Sequence_190,seq_81113,6700.0,1.0,CUUGUCAAUACCUUUCAUUAAUCCAAUCUCCAUAUAUCAUCUG
126,Sequence_819,seq_128779,9100.0,1.0,AUAAUUUAUUUUUCCUAUUUUAUGUUUUUGUAA
127,Sequence_669,seq_129412,9100.0,1.0,CUUUUAAAUAAAAUAAAUUACUUUACUUUUACUG
128,Sequence_395,seq_6251,5800.0,0.8947368421052632,UAUGUGGAAUUUAUCAAACAAUAGUUUAGUAUGCUGUUAACCUUCAUCAG
129,Sequence_139,seq_34310,1100.0,0.9473684210526315,AUAUUUUUCUCACUAUAUUCACAAACUGACUUUGUUG
130,Sequence_143,seq_155855,2300.0,1.0,UACUUUUAUCCAUAUUAAUAUACAUUUCUUUUUA
131,Sequence_746,seq_99491,2000.0,1.0,ACAACUCUAUUUUAACUCUCACAG
132,Sequence_935,seq_6254,3700.0,1.0,AUUACUUCUUUUCUCUCUCUCCUAG
133,Sequence_209,seq_34025,3100.0,1.0,CCACAUAUUUUAUUUAAAAAAACG
134,Sequence_502,seq_17968,5300.0,1.0,UUUCUUUAUUUCCUUUUUUUAUUUAACUG
135,Sequence_142,seq_168798,5200.0,0.9444444444444444,GCUUGCAUGCUUACCUAGAUUAUUUUCCAUUUCUUAAUUUAACAUAUAAGUG
136,Sequence_789,seq_35955,5000.0,0.9375,UAGAAAAAUCCCUUUGAACGAAUAUUGAAUUUAUCUUGAAUACA
137,Sequence_12,seq_31388,2800.0,1.0,UUUUCUUAAAUAUAUUUUUUUAAAACAACUUCAG
138,Sequence_464,seq_98095,1500.0,1.0,UUUUUAUUUAAUUCAACAUG
139,Sequence_351,seq_13262,7700.0,0.9333333333333333,UGGGAUCUAACUUUAUAUUUUUGUCCUUUGUCCACUUG
140,Sequence_690,seq_88695,3900.0,1.0,AUUCAUCAUAUUUUAUUAUUUUUUCAUUCUCAUCA
141,Sequence_125,seq_38309,5500.0,0.9285714285714286,AACAGUAUCUCGAAUGCUAAUUUUGCUUGGG
142,Sequence_821,seq_123016,1500.0,0.9545454545454546,UCCUUUUCUUCUCUUACUUUUUCUUUAUUUCUUACUUACCA
143,Sequence_580,seq_134250,4800.0,1.0,UUUUUCUACUUUUUACUACUUUUACCUUUG
144,Sequence_491,seq_116550,5300.0,1.0,CAUUAAUUUAAUUUCAUCAUAUCAG
145,Sequence_87,seq_84804,7200.0,1.0,ACAUUUUUUCAAUUUUUAUUAAAAACAA
146,Sequence_188,seq_67895,5900.0,1.0,AUUUUUUCUUUUUCCACCCUUCUUUAUUUUG
147,Sequence_448,seq_86991,1900.0,1.0,AAAUCUUUUUCCUCUACCUUUUCAG
148,Sequence_568,seq_2805,8800.0,1.0,ACUUUUAUUAACAACAAAAAUAUUUUAAAUUAAAUUAUUUAUUCUUCG
149,Sequence_728,seq_21921,7500.0,1.0,UUUCCUUUUACUAUACUUUUUUUUGUAAGG
150,Sequence_811,seq_124819,5700.0,1.0,CCUAUCAUUUUUUGAUUGUUUUUCCUUCUAUCCAAAAUCCAAG
151,Sequence_453,seq_97446,2900.0,1.0,CCCUAUAUUUCAUUAAAAUCUCCAUAU
152,Sequence_723,seq_103464,4800.0,1.0,CUGUUUCUUUAUUUUAUUAAUUGUUAAAUAUAUG
153,Sequence_263,seq_162339,7900.0,1.0,UAUCAAUAUACCUUUACUUUUUAUUAUUUUUU
154,Sequence_993,seq_138198,1200.0,1.0,UGGCUCCCCUAUACUUAUCUUUAA
155,Sequence_337,seq_35563,5800.0,1.0,UUAUAAUAUUUUUUCCUCAUUAUAUUCUG
156,Sequence_518,seq_64425,5200.0,0.9375,UAGUUUUAAUUCUUCCAUCUUCCCAGUUGUACUAG
157,Sequence_838,seq_148657,440.0,1.0,UAUGCAAAUGGCUCUCUUCG
158,Sequence_602,seq_5646,3700.0,1.0,UUUUUUACACCACCAUAAAUG
159,Sequence_664,seq_63451,5900.0,1.0,UAUCUUUUUUAAUCAUAAAAUUCCAUAG
160,Sequence_575,seq_31332,1100.0,1.0,CUACUUAUUUCACAUUCCUUUUAACAAAAUG
161,Sequence_292,seq_164159,2800.0,1.0,CUUUUCUUCCAUUCUACUUUUU
162,Sequence_563,seq_95353,2300.0,1.0,ACAUACCUACUUUUAUUCACUUCG
163,Sequence_891,seq_61011,5400.0,1.0,UAAAAUCCAUUCUUUUUUUAUAACUUCUUAAUUCUG
164,Sequence_485,seq_35249,3800.0,1.0,CUACCUAUUUUUAUUUUUAUAGACCAUG
165,Sequence_566,seq_61274,4500.0,0.9333333333333333,CAAAUGAAAGUUGAAUUUCUUUCUGCUACCAUUUUUCCCUUAUUCAUUG
166,Sequence_692,seq_115000,7300.0,1.0,UUUAUUUAUCUUUUAGUUUUAUUUUUAUUUUAUUUUUUUACAUGUA
167,Sequence_590,seq_25254,870.0,1.0,CUCAUCAUUUUUAUACUAAAUAUCAG
168,Sequence_449,seq_51850,11000.0,1.0,UUUCUCUCAUCUUCCUUCACCCCG
169,Sequence_655,seq_21368,3100.0,1.0,UCCAUAAAAUAACACUUUUCUUCCUAUUGUG
170,Sequence_592,seq_83412,1300.0,1.0,UUAAGACAAGUUUCUCCCUCCUUUAAAUCAGAAUUUUUUUUUUUUUUAAAG
171,Sequence_238,seq_43493,6200.0,1.0,CAUUAUUUUAUUCUCUAUUUUACUAUUUCCUAAAG
172,Sequence_390,seq_53143,6200.0,1.0,AACAUACUUAUUAUUUCUUUUCCAUUAG
173,Sequence_712,seq_36007,1300.0,1.0,AUCCAUACUUCUCAAUUUAUAU
174,Sequence_100,seq_8828,11000.0,1.0,UUACUUAUUAUAACUCAUAACUUCUUUCU
175,Sequence_462,seq_29676,4800.0,0.9,AAAUAUUCAGGUUUUUAAGUUAUUCUUUUCUUUAUUGAUCUAGUUUAUUU
176,Sequence_114,seq_110007,1200.0,1.0,UUAUUUCACCAUUUUAAUUCACAAUUUCCAG
177,Sequence_759,seq_92990,1800.0,1.0,CUUUUUAUCCUUCUCUUUAAUCUUA
178,Sequence_402,seq_15970,3800.0,1.0,UACAGUUUAUAUUCUCUUAUUUUUAAAAAUAUUUAAG
179,Sequence_31,seq_123009,5000.0,0.9411764705882353,UACCAUAAGCUUAAAAUUAAAUUCUUGUUUAUUUUAACGUUAAG
180,Sequence_2,seq_120124,2900.0,1.0,CACAUUUCUUUACAUAUUUUUAAAAUC
181,Sequence_905,seq_151042,2700.0,0.8333333333333334,AGAUAUCUUUUUGAUUGUCGCGAGAGGUAGCUUUGUCCCGC
182,Sequence_612,seq_129006,1800.0,0.9375,AGAUCGGUCCGGCCACCAUUUAGAUUAUUAGGGGACAUUGCG
183,Sequence_915,seq_97801,3900.0,1.0,ACCAUUUUUCAUCUGUAGUUUUUCCCCAUCUUCCCCACAUUUUG
184,Sequence_987,seq_70805,2500.0,1.0,CUUAUAACAUUUUACUUUAAUUUUAAG
185,Sequence_196,seq_101419,1200.0,1.0,AGGUAAAUUACGAGUAUAAUGUUUUGGGCCGAUGCCCGCA
186,Sequence_972,seq_51813,540.0,1.0,CUAUUCUCUACUCUAAUUCAC
187,Sequence_848,seq_105484,5900.0,1.0,AGAGAACUGUGAUCCAUUGUAUUUUUCUGGACCCUGGCAUGG
188,Sequence_280,seq_141737,5900.0,1.0,CACAUAUCUUUCUCUUCUCCUCUUA
189,Sequence_771,seq_19072,3600.0,1.0,UUUACAAAACAAUACAAUCAUCAUAU
190,Sequence_361,seq_129355,1600.0,0.9285714285714286,CAUUGUCUUUGACCUUUGGACCCUGGGCUGUGGUAGUUCCUGUACA
191,Sequence_662,seq_80917,6000.0,1.0,UUUUAUCCAUAAUAAUUAAUUUCAUCUAUCAG
192,Sequence_445,seq_117983,9200.0,1.0,AAUUUAUUAAUAUUUUAUUCUAGUUUUUCUUUCA
193,Sequence_980,seq_87868,6800.0,1.0,UCUACUUUUCUUUAUCUUUCCUAACAG
194,Sequence_776,seq_149300,2600.0,1.0,AUACAUUUUUAUUCCUUCCUUAAACA
195,Sequence_726,seq_125637,1100.0,1.0,UUAUUCUAAAUCAUCAUCAUUUACAG
196,Sequence_952,seq_81131,1700.0,1.0,UUUCAUAACUUUUAUAUCUCCU
197,Sequence_75,seq_5863,1300.0,0.9473684210526315,CAUCUUACUUUUCCCUAUUUUCUUAAUUUUACUCUUUG
198,Sequence_234,seq_13382,3200.0,1.0,UUUACUUAAACCUUUUUAAUCUUAACUUUAAUG
199,Sequence_264,seq_1965,5500.0,1.0,AAUUUAACUUAUACUAUUCUUCUUUUUUAAA
200,Sequence_162,seq_85913,5200.0,1.0,GAAAUCUACCUUUUCUAUCUUUUUCAACAUUG
201,Sequence_422,seq_6514,5300.0,1.0,CACCAUCUUCCUUUUCUGGAAAGCAAUUUAG
202,Sequence_492,seq_9467,2400.0,0.9375,CACAUUGUUAUACAUACUACCAUUUCACUUUAUUUUG
203,Sequence_748,seq_116479,6900.0,0.9411764705882353,CUCUUACUAUUAUUACCUUUAUAUGUUGUACCUAUUUGUUAUUUUUG
204,Sequence_418,seq_63963,9800.0,1.0,CAAAUUACAAUUUCUUACUUUCAACACCACUUUUCUG
205,Sequence_613,seq_149466,8600.0,1.0,AGAUAAUGUUCAGUUUUAAAUCCUUCUUAAUGGGGGCAGGGG
206,Sequence_582,seq_51907,1900.0,1.0,AUUCUCUCAAAUCAUCCUUAACC
207,Sequence_658,seq_8358,1900.0,1.0,CAUCUACAUCUUUUUUCUUUCUUCAUCUUAG
208,Sequence_412,seq_162045,1200.0,1.0,UCUAUCUAACUUUAACUUUUUCUG
209,Sequence_648,seq_68776,11000.0,1.0,UCAAAAAUUCCUUUAUUUAUUUUCAUACUAAAUUUCAUUUUCAAU
210,Sequence_585,seq_58660,7400.0,1.0,CAUAAUCUUUUCAAUUCUCUUACUUUAUUAAAUUUUAAG
211,Sequence_250,seq_53208,3000.0,1.0,UUUGAAUUACAAUCUCUAUUUCACAACAG
212,Sequence_59,seq_94952,1400.0,1.0,UUUAAAUAUUUUAAUUUCCUUUUCAAAUUUUCCC
213,Sequence_96,seq_24344,4800.0,1.0,AUAUCCAUUUAUUUAUUAUUUUCAUUUAUUCA
214,Sequence_415,seq_152513,5900.0,1.0,UUUUUAAAAUUCACACUAUUAUUUUUAUG
215,Sequence_640,seq_159340,7700.0,1.0,UCUUUAUUUUCAACUUCUUUCUUUUCU
216,Sequence_315,seq_11034,2100.0,1.0,CACUUAUAUUUCCUUUAUAUAUAAAAG
217,Sequence_98,seq_49351,6400.0,1.0,UCUAAAAACUAUUCUUUCAUUUUCUUUAG
218,Sequence_286,seq_111155,5800.0,1.0,AUAGAUUAAUGUUACAACGUUCUCUACGACCCAG
219,Sequence_516,seq_32951,5800.0,1.0,AUCCCAAUAUUUUAUUACUUAUUUUAUCUUAUCUUACUAAAAUUC
220,Sequence_505,seq_108761,4300.0,1.0,UUUUAAUUUUAUUUUAUUUAUUUCUAUACCU
221,Sequence_755,seq_72162,1600.0,0.875,AGAUCCUGCCUGCUCUGUGUACGUUAACACCGAUUAACGGUU
222,Sequence_423,seq_151758,3100.0,1.0,UUCUCAAAAAUCUUAACUUUAUCUUCUAG
223,Sequence_700,seq_134041,6800.0,1.0,CUACUCUUUGGUUUUUUUUUCCUCCUUCCGUGGGCUAAGC
224,Sequence_975,seq_66591,3700.0,1.0,AAAAAAAAUUUGUUGUUUUAACAUACUUUUACAGACAUUU
225,Sequence_609,seq_144417,5400.0,0.95,AAUUACCAACCAUUUUGAUUUAUUUAGAAUAUUUAUAUAUUUCAGUCAG
226,Sequence_567,seq_27784,5200.0,1.0,ACUCACUACAUUAUCUUUUUACUCUU
227,Sequence_386,seq_79038,12000.0,1.0,UUUCAUUAUUAUUCCAUUAAUAUUAUUUAUAUG
228,Sequence_678,seq_47068,2500.0,1.0,CACAUUUCUUACACACAUAUUUCUG
229,Sequence_530,seq_108757,5800.0,1.0,UUUAAUCAUUUUUAUAUAUUUAUAUCACUAU
230,Sequence_468,seq_44918,5400.0,1.0,AUCUAUUUAUUCUUACUUCCCCCA
231,Sequence_38,seq_50178,3900.0,1.0,CACCUGUUCACAUUAAAUCAAUUG
232,Sequence_741,seq_47986,5900.0,0.9444444444444444,CUUACUAAUUAUAUUACUUCCUCUUUUUUCCCUG
233,Sequence_632,seq_79848,4700.0,1.0,AACUUUCUUCUAUUCCUUCCUAUUACU
234,Sequence_39,seq_2243,3300.0,1.0,UCAAAUUUUAAUUCUUCUUACUUG
235,Sequence_494,seq_13012,7000.0,1.0,UUAUUUUUAUAUUACUCCACUAAACAUG
236,Sequence_17,seq_160947,10000.0,0.9545454545454546,UUAUUUUUAAUUUUCCUAUAUAUUUUGCUCAAAGAAAAAAUUAUUUUAAAAAUCAUUUUAG
237,Sequence_764,seq_163185,1100.0,1.0,UAAAUCAUAUCCUCUUUUAAUG
238,Sequence_537,seq_127387,3000.0,1.0,CAUUAAUAUAUUUUAUAUUUAUACUCAUUG
239,Sequence_579,seq_51806,5600.0,1.0,AUUAUUUCCUUUUUUACUUCUAAAG
240,Sequence_176,seq_28864,850.0,1.0,AUCAUACAUUUAAAUUACAUUACUCCUAG
241,Sequence_444,seq_66151,7900.0,1.0,GAACCAGUCAUCCCCCCAAACCA
242,Sequence_439,seq_104570,4500.0,1.0,UUUUUCCCCCUCAACCUUUAUUUUCU
243,Sequence_323,seq_45536,6200.0,1.0,CAUUUUAUUUUAUCAUUCUAUUUUACUG
244,Sequence_983,seq_164729,3500.0,0.95,AGUUUCCUUUUUUUCUUCUACUAUUUUUCCUGACUACUAAAAAGC
245,Sequence_62,seq_130541,6300.0,1.0,UUCAUUAUCUUAAAUUAUUCCUUCCCU
246,Sequence_437,seq_144784,12000.0,1.0,UUAAUAAAAGGUUUUCUUAAAACAAAAUUUCAACUCCCAAUCCUG
247,Sequence_8,seq_111871,2100.0,1.0,CUUAUUCUCUAACCAAAUUUAUUUAUG
248,Sequence_577,seq_78167,950.0,1.0,AAAAUACUUUCUCAUUUUUUUCAAGAUCUAUUG
249,Sequence_226,seq_164911,4500.0,1.0,UUACCUUUUAAAUUUAUGUAAUACUCACCAAAUUUCUUUUCUUCUUUG
250,Sequence_117,seq_167310,4900.0,1.0,UAAACAUUAAACAAAUUUAUACAAU
251,Sequence_826,seq_108660,7000.0,1.0,UUUUCUCAUUUUAUUUUCUUCUCAUG
252,Sequence_429,seq_166566,8600.0,1.0,ACUUACUACAUAAAACAAUUAUUCUUUUUUCUUUUUG
253,Sequence_524,seq_51958,5000.0,1.0,UACUACACCAAAUUUAUUUGUUUAUUAGACUUUAUUUCUCUG
254,Sequence_85,seq_65989,8600.0,1.0,AAAUUUAUUCCUUCUAUUCCU
255,Sequence_794,seq_168916,1600.0,1.0,UUUUCUAUCUACAUCUCUUUUUUUUUUAACCCUUUCUUUU
256,Sequence_904,seq_145238,5900.0,1.0,AUUUUAUCUCCUCUUUUUCUUUUCUUUUUACUACUG
257,Sequence_466,seq_79431,5900.0,1.0,UUUUUUAUCUUAAUAUAUACUUCAUUUCUAG
258,Sequence_572,seq_65694,3200.0,0.9333333333333333,UUGGCCAAUAUUCAUCCUUUUUAUAUUUCAUUAAAAACCUCUU
259,Sequence_318,seq_42996,9200.0,1.0,UUUUCUUUAUUAUUUUAACUUUUUAUCUCUAAUUCUCG
260,Sequence_15,seq_31317,9100.0,1.0,UUUUUCUUCAUAUUUUUAAUUCUUAAUGGGAGCAAAGUG
261,Sequence_775,seq_42932,5600.0,1.0,UCUAAUAUUUUCUAAACUUUUCCUUCUCUAUUCCCUCCU
262,Sequence_633,seq_53315,4900.0,1.0,AAAAUCUACUGACUUAUCUUCAAACUCUUUUUUUUUUCAUCUG
263,Sequence_914,seq_113760,5300.0,0.9411764705882353,CAGUCAUCUUUUCUUUCCUUAAGAUUUUUACUAAAAUUUAACCACAUG
264,Sequence_478,seq_164515,7300.0,1.0,CUCAAAUUACUUCCAUUUUAUUAAUAUUUUGUCUG
265,Sequence_555,seq_170284,5600.0,1.0,CAAUCUUUUUCCUAAAUUUUUUUUUUCAUCG
266,Sequence_421,seq_65018,1300.0,0.9375,CUAGUCAUUUAUUACAUGGAUAGCUGAUUAAGAAACAUUG
267,Sequence_546,seq_158337,1200.0,1.0,AUGGUUGGGGAGGUUUUUCAUCUCG
268,Sequence_623,seq_87395,4600.0,1.0,UUCUUAAUGUUUAGUUUUUUUUUUUCCCCUUUACCUG
269,Sequence_251,seq_70085,2200.0,1.0,AGAUUCUGCUGUGUGUGUGGCUCGUUGGGUUUAUCGGUGAUUC
270,Sequence_875,seq_73869,10000.0,1.0,AUUAAUUUUUCUAACUCCUAAUUUUCUUCAACAUU
271,Sequence_212,seq_142095,7600.0,1.0,AAUCUUUUAAUUUUUACUAAAUAAAUA
272,Sequence_929,seq_12476,6100.0,1.0,UUUGAAUACAAUGGCAACAUUCCUUCACAGUGGCCC
273,Sequence_719,seq_25126,3900.0,1.0,ACCAUCUUUUAAUACACCCUACUAACCU
274,Sequence_83,seq_150841,4100.0,0.9411764705882353,CGCUUACAUUUUUUUUUCUUCACUUUUCUGUUUUGUUUAAUUUAAACCAAUAUUUUUAUGAUUUUAAAUUG
275,Sequence_225,seq_50481,2400.0,1.0,CUUUACUUUUUUUUCUUUAAACAGAAG
276,Sequence_800,seq_102723,790.0,1.0,UUUAUCUUUUCCAAAAUUCACCUU
277,Sequence_42,seq_129736,11000.0,1.0,UUGUUUUGGAGG
278,Sequence_499,seq_62214,5600.0,1.0,UUGUUUUUUUUCUUCACAUAAUUAUAUUUAACAG
279,Sequence_768,seq_32616,3000.0,0.9285714285714286,AGAUGAUUUGCUUAGAUUGGGUAACGACGGCUUGCACCCA
280,Sequence_349,seq_32543,3700.0,1.0,AUAUUAUUAUUUAAUUUAUUCUAUUCUAG
281,Sequence_186,seq_59954,3000.0,1.0,CCAUCUAAAUAUUCCUUUUUAAUA
282,Sequence_988,seq_138560,830.0,1.0,CACUACUUUUAACAUUCUCAUCAAG
283,Sequence_487,seq_66774,4100.0,1.0,UCAUUAUUUUUUUAUACAUCAGUG
284,Sequence_130,seq_129941,600.0,0.8235294117647058,AGAUUUGUAACUUCACUGGUGCGGCGCCACGGUAUUUUUA
285,Sequence_471,seq_19849,2400.0,1.0,AUUAUUUUAAAUUUUCCUUUAAUAUCAUUG
286,Sequence_97,seq_37394,810.0,1.0,AUCAUUUUUCUUAAUAACUAUUUUUUCAAUG
287,Sequence_805,seq_120971,4500.0,1.0,CCUAUUAACUUUAAUUUAAAUAAAACUUAUU
288,Sequence_454,seq_33803,7500.0,0.9333333333333333,UUUUUUUAAGGGAUUCCUUUCAAUCUACUAAUUUUCACCUUGUA
289,Sequence_810,seq_65643,3800.0,0.7619047619047619,AGACAUCAUGGUUCUUGCGUUCCUGUUUGCCACGCUCGAGA
290,Sequence_898,seq_130322,1700.0,1.0,UCAUUUUUUUUUUUCCAAAUCAGAAAAUUUACAG
291,Sequence_113,seq_23488,3800.0,1.0,AUUUUUAUUCUACUAAUAUUUCACUAUCG
292,Sequence_817,seq_136944,9400.0,1.0,CUUUCCUUUUUUCUUAUUUUAUCCAUUUCG
293,Sequence_484,seq_78805,4500.0,1.0,AUACUUUUUCUCCUCCUCCUUAUA
294,Sequence_493,seq_28634,2100.0,1.0,UUUUUAACCAUUUUUUUAAAAUUCCAUG
295,Sequence_715,seq_70202,2400.0,1.0,AACAUUACUUUCUA
296,Sequence_65,seq_46395,7400.0,1.0,UUAGUAUGAGGGCUUAUUACUAUCUUUUAAAAUUUAUAUUUGCAAUG
297,Sequence_697,seq_147627,3000.0,1.0,UUUAAUUUUUUUUCACAAUUAAUCCCCACCA
298,Sequence_343,seq_130840,1700.0,1.0,AUUACUGUUUUGGGGGAGUGGUA
299,Sequence_58,seq_113284,9900.0,0.9333333333333333,UCUGUGUUUAUUUCAAUGAUUUUUAUUUUGCUUAUCUUG
300,Sequence_105,seq_120240,6300.0,1.0,UAUUUCUAUUUAUCCCUCAUCCCCUUUCUACAU
301,Sequence_945,seq_136581,1400.0,1.0,AUUUUUUUCUACUCCAAUAUCAAAUUACU
302,Sequence_981,seq_86957,5800.0,1.0,AAUAACUUUUUCCUCCAUUUUCCAUUAUUUCAG
303,Sequence_18,seq_100469,4300.0,1.0,AUUACACUUUUAUUUUUUUCAAAAUUUUUACCC
304,Sequence_614,seq_161623,7400.0,1.0,ACUCAUUUAUACCAUUUUUUAUCUCUUUUUAAUG
305,Sequence_312,seq_98798,3800.0,1.0,AUAUUUUCUUUAAUACAAAACCACUCC
306,Sequence_864,seq_116796,6800.0,1.0,UGCAGCUUUGUAUUACAUAAUACCCCAAUCACAACCGCAACCG
307,Sequence_673,seq_107459,10000.0,1.0,UUUACAAAUAUAUAAUAUUUAUAUUGAGGCAGCAAAG
308,Sequence_911,seq_107433,4400.0,1.0,ACUUCUCACUUCUUCCUUAUCUUACACAUUUUAU
309,Sequence_381,seq_47094,9300.0,1.0,UACCAAAUAUAUGACCUAUGUUUAGUCUUUUUAUUUACAAAAA
310,Sequence_599,seq_144021,3900.0,1.0,UUCACUUCUCUUUUUUAAACUCAAG
311,Sequence_6,seq_951,610.0,0.9230769230769231,CCCAUUUUUUGUCACAAACUAUACAGCCACUUCUUUGG
312,Sequence_291,seq_23123,5700.0,0.8421052631578947,AGACGCAAUGCACUUUCCAGGCAUCAUUUAACUUCUGCUGCGGU
313,Sequence_328,seq_46007,3700.0,1.0,UCCAAAUUCAAAACUCAGUUUUUACAAAAUUUUUUUUUUUACUUUUGU
314,Sequence_30,seq_122701,5900.0,1.0,UUUUCAAAUUUUCCAUCUACUUCCCCCUUUG
315,Sequence_467,seq_878,4400.0,1.0,UUUUACUGUUUCUUCUUAACACUUUCAUUAGUAUGU
316,Sequence_154,seq_146342,2500.0,0.8888888888888888,UAUUACAAACAUUAGUUACAAACCUGCAUAUCAGUUUUUCACAUAUUUUUGCUUACAG
317,Sequence_626,seq_7982,6000.0,1.0,AGUUCAUUUUUACUUUUUAUUUUUUUGUUUUUUUG
318,Sequence_177,seq_128840,600.0,1.0,UUUGGGUAACUUGUCAUUACUUUUUUUUUCCUUUCCAACUUG
319,Sequence_922,seq_39137,4100.0,1.0,UUUUAAAAUAAUUAUUUUAUUUUAAUUCACAUCUG
320,Sequence_852,seq_52116,920.0,1.0,CUUUUUACAUUCCAUAAUCA
321,Sequence_325,seq_45749,7900.0,0.9285714285714286,AGAUUUGGCAUGAUUCUAAUGAUUUGCUCAUUUUUUUAUUCCUG
322,Sequence_989,seq_81424,5800.0,0.9230769230769231,AGAAGUUUUAUACUUUUUAGCCUUCUCAAGGACCAGUCUGCGCGCUAA
323,Sequence_917,seq_164168,6700.0,0.9411764705882353,CAACCUUUAUCAUUUUUUUUAAAUUAUUUUUCUUUUUCAGUCUACAUUACACUACGUCUUG
324,Sequence_951,seq_64075,5100.0,1.0,UACUUUUUUACUACUUUAUUG
325,Sequence_883,seq_85351,2300.0,1.0,UCUAUUAAUUUUUAAAUUUUCUUAAUCUCAUAG
326,Sequence_91,seq_82456,6700.0,1.0,ACCCUCGUUCUUUUUUCCUUAACUUCAUACUCUCAUUAUCUCAG
327,Sequence_333,seq_53295,2900.0,1.0,UUAAUUCUGUAUCACUUUUUUUUUUCUUUCUUUCUUUUUUUUUUUUU
328,Sequence_218,seq_26139,2800.0,1.0,UUACUUUUUUUCUUUUUUAAUAAAUUUUUUUACCAGAG
329,Sequence_670,seq_111162,5100.0,0.9285714285714286,UAUAAUUUUCUAUAUCCAAUGACUUACUUUCGAGACUUG
330,Sequence_168,seq_60204,3400.0,1.0,UAUUUUCCAUAUAUUUAUUUACAUUUUUG
331,Sequence_717,seq_2104,240.0,1.0,UAUUUCACAUCUCCCUCCUUAAAUAG
332,Sequence_553,seq_90486,6200.0,1.0,UUCUUCCUGUAUUUUUUAUUUUGUUUUUAUAACUCUUUAG
333,Sequence_157,seq_145951,1200.0,0.9375,CAUUAUUCUUGCAACCCAGUUUUUACAGCCCUUUAAAGUG
334,Sequence_994,seq_58161,1800.0,1.0,CUAGUAGUGUUGAUGGCUGCUGUGCUGA
335,Sequence_99,seq_83796,2500.0,0.8888888888888888,AUUUUUAUUUUUUAUGGAGGGAGGAUAGAUGAGAACACAAAAGGAAGGAAUUACUUGGGGAGGAAG
336,Sequence_574,seq_120013,800.0,1.0,UUUAAAUUACAUUUCACUUUUUACUUACACUG
337,Sequence_396,seq_94465,2400.0,1.0,UUAUCCUAACAACUCAUUUUAUUAUCG
338,Sequence_447,seq_36183,5700.0,1.0,AUAGUUUUUUCAAAAAUCAAUCUCACUCAUCUG
339,Sequence_990,seq_103105,6300.0,0.9285714285714286,AUCUUCAAAAAUAUUCAAAAAUUGCCUAUUAUCCUACUCUUCCAG
340,Sequence_261,seq_152789,6400.0,1.0,UAUUCUAACAUUCAUUUCUCAUUG
341,Sequence_786,seq_65715,4900.0,1.0,AUACAAUUACAAACUAACAUUUUACUUG
342,Sequence_182,seq_79388,7600.0,1.0,AUUAUUCUUUUAUUUUCUUUUAGUAACUUUUAUGUCCUAGAUC
343,Sequence_29,seq_83286,900.0,0.8823529411764706,UAUUUUUAUUCUCUACCCGUGUCCCAAGCUGCCUUGCAUUUUCUGCCCUACAGAGCUG
344,Sequence_48,seq_109814,4300.0,1.0,AACUUUAUCACAUAUUCAUUUUUCAUUUUACUG
345,Sequence_152,seq_113083,1100.0,1.0,UUUCACUUCUUUUUUUUUUUUUAAUAAAUAG
346,Sequence_653,seq_25148,350.0,0.9285714285714286,ACAUGGCACCCUCACACUGGCCUUCACAUG
347,Sequence_896,seq_32225,480.0,1.0,UUCUUUCCCCAAAUUAAAAACACA
348,Sequence_605,seq_64282,6600.0,1.0,UUCAAUACAAUGUUAUUUCUCACAUAUUUCUUUAAUGUUUUAAAUAG
349,Sequence_622,seq_107217,9000.0,1.0,ACUUCUCAUUUUUGUAUUAUUUUUGCUUUCAUAAAAAUUAUCUCAG
350,Sequence_180,seq_107593,5800.0,1.0,ACCAAACAUAUAAAAAAAUACAUUUCU
351,Sequence_843,seq_99808,8100.0,1.0,CAUCUUCCUCUAUCUUCACUUUUG
352,Sequence_788,seq_155749,2300.0,1.0,AUCCUCUUUCUUUAUAUUUUAUUUACUCAUUUUUCUG
353,Sequence_538,seq_161248,5800.0,0.8666666666666667,UUGAAACUACAACUCCUCUCACACUACAUCCCUACGCCCCUCCUCUG
354,Sequence_256,seq_2437,4700.0,1.0,UAUCCUAUACUAAUUAACAUAUG
355,Sequence_870,seq_140142,9400.0,1.0,ACUUUAUUUCUACUAUAAAUUUUUAUUACAAA
356,Sequence_532,seq_72005,4800.0,1.0,UUCACUUUUACAUUUUUUCUUUUUGUCUUAG
357,Sequence_767,seq_70085,4700.0,1.0,UUCUAACUUUACGCUUUUUUUUUCCUUUAUUUUUUUUG
358,Sequence_298,seq_87881,7100.0,1.0,CCAAAUUAUCAUUAAAAAUUCAUUACAU
359,Sequence_899,seq_74963,4100.0,1.0,UUUUACCAUUUUUUUCUUUUAAUCAU
360,Sequence_882,seq_3477,4500.0,1.0,GUUUUUAACUUCCAUAUCCACAAAAAAUCUACAUCCCUCAG
361,Sequence_711,seq_159610,3000.0,1.0,ACAUCUCAUUAUUUAAUCCUUA
362,Sequence_27,seq_133694,1200.0,0.9411764705882353,UGUUAUUUGGUUUUAACUGACCUUUUUGGGAUAUACAACAUG
363,Sequence_488,seq_142753,3600.0,1.0,CAUAUCAUAAUUUUUUAUAUAUCAUCAAG
364,Sequence_584,seq_306,5700.0,1.0,UUUUUCUCCCUUUUUACUCUUCUCAAG
365,Sequence_279,seq_42448,1300.0,1.0,UUUCCUCAUUUCAUUCAUCUUUCUCG
366,Sequence_184,seq_68073,4100.0,1.0,UUCCUAUUUUUUUAUACUUUUUUACUUAG
367,Sequence_694,seq_22227,1500.0,1.0,CCUCCAUUUUUUUUUUUCAACUCAUAAG
368,Sequence_527,seq_130651,4200.0,1.0,UCUCUAUAUUACAUUUUUAAUCUCAAAAG
369,Sequence_5,seq_158463,5200.0,1.0,UAAUUUAAAAAAUUUUUCUUUACUUGAUUAAUUCACUUUG
370,Sequence_496,seq_140387,1100.0,0.9090909090909091,GUAUCCAGAUAUGUCCUUUAUUUACUUAUUAUGUUAUACAUACUAAAUG
371,Sequence_22,seq_68903,7600.0,1.0,UCUCAUCUUUCCUAUUCUCAUCUCAG
372,Sequence_296,seq_50897,5100.0,1.0,AAUAAUCUUAUUUCUAAUAAUUAAUUUCUUACUCUUAUUCG
373,Sequence_41,seq_7243,2900.0,1.0,UUUACUUUAUUAUUUUUUUUUAACUCUCACCA
374,Sequence_477,seq_14990,2400.0,1.0,UUUUCACCAUUUUAAUUUUCAU
375,Sequence_549,seq_18146,7600.0,1.0,AUACUUUCCCCUUUUCUUUCACCC
376,Sequence_131,seq_88705,6800.0,1.0,AUAUUCACUUUUUUCUUAUAUUUCCU
377,Sequence_456,seq_144538,5200.0,1.0,UCUUUUUAUAUUAUCACAU
378,Sequence_830,seq_85086,7900.0,1.0,CUACUAACUACCUAUUCCAUCAG
379,Sequence_660,seq_46544,1300.0,1.0,CUUUUUUUAAAAUUAUAAUUCUUCUAUAUU
380,Sequence_785,seq_121831,6500.0,1.0,UUCUUCUAUCUUAAACAAACUCCUAUACA
381,Sequence_28,seq_101208,4400.0,1.0,CUAAUUUUUAUUUUAUUUUUAUAAUACAAG
382,Sequence_480,seq_8793,2600.0,1.0,CAACAAUUUUUUUUUUCUAUUAUAACAAACAUG
383,Sequence_985,seq_108910,4800.0,0.8823529411764706,AGACUGUGCCGGGGCAAUUGUAUCGUUUGUAUUCAGGCCUUUC
384,Sequence_965,seq_92465,9300.0,0.95,AUUUAACUCUAUUAAACAAUUAGAUUUAAAUAUUUUUAUUUAUUAUUUCAAAG
385,Sequence_414,seq_38032,9900.0,1.0,AACCAAAAGAAGUAAUUUAUUACCCACACACUAUACACUUCCCG
386,Sequence_436,seq_116884,1300.0,1.0,GGGUCAUAUUAUUGCUUUUGGAGAGGACAGUUCUG
387,Sequence_357,seq_24779,5200.0,1.0,AUACUUUUUAUUAUUUUCUACCCG
388,Sequence_442,seq_42164,3000.0,1.0,AGACUUACAGAGCCUAAUCUGCUUUGUAUGCACGGCCGUCA
389,Sequence_137,seq_90438,4200.0,1.0,UUUUAAUCCUUUUAACCUACCUUUUUUCCUUG
390,Sequence_124,seq_51809,2900.0,1.0,UUAAUCCAUUAUUUCAAUUUACAACG
391,Sequence_503,seq_112628,1400.0,1.0,AUCAACUAAAUACUUUUCCUA
392,Sequence_703,seq_24779,6100.0,1.0,UUAUAUUAUACUUCUUACUAAUUCCUAUG
393,Sequence_193,seq_6127,4500.0,0.8888888888888888,GCCUUUUUCUUCUAUCCAUUGUCAUUGGUUUUGACUGUUGAUUCCUUGUUUCAAAAUUAUGUUUUAAUGACAAG
394,Sequence_120,seq_110978,4100.0,0.9375,AUUCACAUCUAUUAACUCUACUUUUCCUCUCUAUCUAG
395,Sequence_679,seq_83797,1500.0,1.0,UUAACAUAAUUUUUAUCUUCAACUUCUUAG
396,Sequence_562,seq_10699,11000.0,1.0,AUAAUUUAUUUUUUUAUAUUUUUAAUUCAUACUUUCA
397,Sequence_616,seq_3327,4800.0,1.0,ACCAUCACUUUAUUAUUUUUAUUUUACAG
398,Sequence_376,seq_125091,3300.0,1.0,UUUCAUUUUAUUAAUUACUUUACUUUUAUACAACCUA
399,Sequence_591,seq_275,7800.0,0.9411764705882353,GGUUUCCUUAUUGUUCCCUUUUAUUUACCUG
400,Sequence_617,seq_71774,6800.0,1.0,CAAUGUUUUUGUUCUUGAUCUUUGUUUUUAAUUUUUUUUUUUUUCACG
401,Sequence_835,seq_125138,11000.0,1.0,CUUUUUUAUUUUUUACAUUUUCCAACACCUCAUG
402,Sequence_998,seq_107246,3200.0,1.0,AAAUAUUACUACUCUUUCUCUCCUUAUUCAG
403,Sequence_526,seq_117576,4500.0,1.0,CACUAUAUUUAAAUUUACUCUCUC
404,Sequence_363,seq_42756,2000.0,1.0,UUACCCCCUCUUAAAAUUAAUU
405,Sequence_695,seq_133728,5200.0,1.0,UAAACUUUACUUGUUGGUUGAAACAUCCUG
406,Sequence_543,seq_96097,7100.0,1.0,UAGUUUUAAAUCUUAUUUUUUAUUAUAACACAGAG
407,Sequence_272,seq_73041,990.0,1.0,GGUAUGGAUUCAGAAGCUUUUUUUUUUUUUUUUUUUUCCAGGGCAG
408,Sequence_933,seq_132902,5400.0,1.0,AAAUUUUAUUCUUCUAUUUUUUCCUUUUUUU
409,Sequence_81,seq_90908,8100.0,1.0,AUUUUUUUAUUUUUCAAAUAACCAAUUUAAA
410,Sequence_78,seq_159622,5500.0,1.0,AAUUUAAAGCAACAUCUAUUCUAAACUUUAUCUAG
411,Sequence_766,seq_110444,2400.0,1.0,CCUUUUAUUUUCAACUACUCCAACG
412,Sequence_185,seq_79873,4300.0,0.9375,UUUCUUCUAGCUUUAAAAAAUAUUGUAUUAUUGAUUUUUAUUCAUUGUACUUUCAAAAAUUAG
413,Sequence_745,seq_100204,4600.0,1.0,UCUUACUUCCAGUUUUCUGGUUUUAUUACAAAAAUUUUUAUCG
414,Sequence_63,seq_167467,6600.0,1.0,AUCUCCAUUAACCCUCUUUUACA
415,Sequence_70,seq_114429,4200.0,1.0,CAUUCUAAUAUCUCCUUUAUCUUUUCG
416,Sequence_175,seq_5688,4200.0,1.0,CAUAAAUUUCCUCAUUUUUCUCAC
417,Sequence_394,seq_132137,1600.0,1.0,AACUUUAUUAUUUACAAUUAAAAUCUUUUUAG
418,Sequence_21,seq_49090,5700.0,1.0,UAUACUUACCUCUAUUUAAUUG
419,Sequence_159,seq_7193,5200.0,1.0,AACAAAAUUUUAUUUAUUAUUUUUUUUAUUUUUUUAGA
420,Sequence_557,seq_41137,4100.0,0.9444444444444444,AAACUAUUAUUCCUAUUUUUCCGAGAUAACCAAAAACG
421,Sequence_335,seq_92567,3900.0,0.9411764705882353,UUGUCUUCAUUCUCUUUCUUUUUACCUAAUAAUUCGGUUAUU
422,Sequence_369,seq_76611,4700.0,0.875,CCCUCCCUUGUAAAUGCCCAUGAUCUUCCCCCACCACAUUUACACG
423,Sequence_689,seq_13326,1300.0,1.0,ACUUUUUCCACUUUUUAAAAAUUUUUUCUAUAUAUG
424,Sequence_729,seq_46655,4500.0,1.0,UAUUACCACUUUUCAUUUUUCUUCUAG
425,Sequence_770,seq_82406,7200.0,0.9375,UAAGCCAAUCAAAAUAUAUUCAUAUAACAUUUUAAUACUUCACAAG
426,Sequence_534,seq_167807,5200.0,1.0,UUCACAUACUUUUUAUAUUUUUAUUCCACUCUUUCU
427,Sequence_792,seq_1956,4800.0,0.8666666666666667,AGAUGAUUAUUUUGGCGUUCUCGGCCGCGCGGGUGUUGCUUU
428,Sequence_881,seq_120033,5000.0,1.0,AUUUUAUAUAUCUUAUUUAAACUCAAUAG
429,Sequence_740,seq_150234,6500.0,1.0,GUUAUUCUUAGAGACUGGCAUAAACAAAUCAAAAUACUUCUG
430,Sequence_127,seq_108980,1500.0,1.0,ACUAAUCAACCCCAUUUUUCUUACCAG
431,Sequence_558,seq_154972,3800.0,0.9333333333333333,CUCUGAUGAAUUUAUGUUCUAUAUUGUUCAUUUAAAUAG
432,Sequence_169,seq_138073,4000.0,1.0,UUAUUAUUCCAAUUUCCUCUUG
433,Sequence_241,seq_131564,1800.0,1.0,UUACAAUUUCUUACUCCAACUAAAGUCAG
434,Sequence_443,seq_92991,2900.0,1.0,CCAUUUCUAAUAUAUUCAUUUUUUCUUUUUCUUUUGU
435,Sequence_201,seq_42456,10000.0,1.0,ACUCUUAAAAUUACUCAUUUUCCUUCCUAAUUUUU
436,Sequence_136,seq_16596,3600.0,1.0,UAUUACCUACAUUACCUUAUAAAUAG
437,Sequence_282,seq_145514,6500.0,1.0,CAGGCCUGGCUGUAUUUUGAACUUUUUUUAUUUCUUUUACACUG
438,Sequence_841,seq_53516,11000.0,1.0,UUUUUUUUUUAUAAUAAAAUUUAUUCAAUUUUUCA
439,Sequence_581,seq_1820,8900.0,0.9444444444444444,UCACAUUUUAUUAUUAAUUUAAAAACAUAGAUCUUACUUUCCAAAUUG
440,Sequence_652,seq_67622,1600.0,1.0,UAUCUUUUAACUAUAAAAUUCUAAG
441,Sequence_813,seq_4269,2500.0,1.0,CAUUCAACUAAAAUCUUUUAUUUUUAUCUAU
442,Sequence_380,seq_53729,6500.0,0.9473684210526315,CUUUUAUACUUUAAUUAUCAGCUCUAAAUACAUACUUUUUG
443,Sequence_281,seq_170006,5200.0,0.8947368421052632,AAAAACUUUGACUUUGUUGUGGACUAAUACACAAUAUUUCAUAAG
444,Sequence_93,seq_165591,5300.0,0.8823529411764706,UUUGAAAAAUUAUAAACAUACAAGGCCUUUAAUAUUUUCUAUAUCUG
445,Sequence_258,seq_167,4300.0,1.0,CUUUCUACUUUACAUUUUCAUUUUUUCCAUUUAAG
446,Sequence_115,seq_168115,5500.0,0.9444444444444444,ACAUCAAACUUUACCCAAAUAAUUAUUUUCUUACUAUUCA
447,Sequence_620,seq_135936,4600.0,1.0,UUUUUCUACAAUUGUUUUCAUUACUCCAUUG
448,Sequence_419,seq_114143,6100.0,1.0,AGGAAUCUUCAGGGCUUGACCUAACCAUAUCCUCAUUUUUUCG
449,Sequence_676,seq_132313,3500.0,0.9411764705882353,UUUAACAUCAUGGUUUUUGUUUUUUUAAUUGCAAAACUCUGGGAUAG
450,Sequence_107,seq_106707,7000.0,1.0,CUUUCACUUUAACUUUAUUUAUUGCAAAAUUAAG
451,Sequence_329,seq_31168,3600.0,1.0,UUUCUCAACUAUCUUUUUCAUUAUACA
452,Sequence_451,seq_83446,8000.0,1.0,CUUCUCCUUCCUAUAUUUAAAUUUUUCAAAUUG
453,Sequence_214,seq_82194,1300.0,0.9411764705882353,CUUAACAUCUUAACUUCCCAAAUUUUUCUCUAAUUUUCAACAUU
454,Sequence_539,seq_136293,3800.0,1.0,UUAAACAGAAUAAAUCAUAACUACUUUCUUUUUG
455,Sequence_489,seq_85946,4100.0,1.0,AUUUGGAGAUUUCUAUUACUUAAUUUUUUUUCCUUGUUUA
456,Sequence_220,seq_20750,9400.0,1.0,AAACUUUUUUUUAUUUACUCUUUUUUACCCAUACUUCAU
457,Sequence_227,seq_161899,3800.0,1.0,UAGAGCGCUAUGGGCAUUUACCUUUCAUUGCUUGCUGCGGC
458,Sequence_751,seq_144991,3800.0,1.0,UAUCCUCUCACUCUCAAAUUUACUACUG
459,Sequence_684,seq_52030,1900.0,0.9333333333333333,AGAUUAAUGGUUUAUGUAACCGGCGGGCGACGCUGCU
460,Sequence_181,seq_109837,4100.0,1.0,AACUUAUCUCUACCUUUCCUAUCA
461,Sequence_760,seq_103845,5900.0,1.0,UUUCUUUAUAUAAUCACCUAUACCCA
462,Sequence_820,seq_134715,7200.0,1.0,AUCUUUCUUUUCCAUGGCAGUAAGCAACCUUUUUUUCUUAA
463,Sequence_403,seq_64675,6300.0,1.0,UUAAACAAUUCCAAUUUACUUUUCUAU
464,Sequence_148,seq_49772,3000.0,1.0,GGAAAAUGGUUUUUUAUUUACUGCAACUCUCCCACUGCUC
465,Sequence_183,seq_157037,2400.0,1.0,UAUCAACUUACAUUAAUAUACCAUUG
466,Sequence_32,seq_82632,1700.0,1.0,AUCAUAAACUACACUUUUUUAAUCUAUUACAUU
467,Sequence_427,seq_120627,5000.0,1.0,CCAAUAUAAUUUCUUUUUUCUUUAAUAUUACUUUCCUCCA
468,Sequence_654,seq_49141,3400.0,1.0,AUCUUUUUUUCAUAACAUCUCACAG
469,Sequence_372,seq_104290,5200.0,1.0,CGGCAGUUUUUUUUUAAUCCCGCCCAUCACUUUUUU
470,Sequence_116,seq_35941,4700.0,1.0,AGAGAAGCAAGUUAUUAGUUUGGUAUGGGUCGUUACGAAGG
471,Sequence_893,seq_157145,11000.0,1.0,UAUUUAUUUUACUAUUCCCUCAUUAUUUGAAG
472,Sequence_725,seq_119931,4200.0,1.0,AAUUAAUAACAUUUUUUAAUUUUAAUUCUUAA
473,Sequence_561,seq_14061,2100.0,1.0,CUUUUACUAAAGUAAUCUUUCUCAUUUAUAUCUUUAAUUGGGUU
474,Sequence_208,seq_27906,5100.0,1.0,AACUUUUCUACUUUUUUAUAUAUUUCCG
475,Sequence_110,seq_145488,5200.0,0.9333333333333333,AGAGAAGCAUUUCGUUAGUUUGGUUUCUGGUGUGGUUCGGUUGGGU
476,Sequence_205,seq_16426,4800.0,1.0,AUAACUAUUCAUCCUUUUUUAUCAG
477,Sequence_160,seq_73856,6600.0,1.0,UAUCACCCUUAAUUCAUCUCUCUUUUU
478,Sequence_528,seq_42021,2500.0,1.0,UAAUUAACAUUUCUACCAUUAUUUUUUUUUUUUUUUCAAUU
479,Sequence_324,seq_137339,6100.0,1.0,UACAAAUUCCAUUAAUAUUAUCUAAC
480,Sequence_187,seq_136786,2300.0,1.0,UUCUAAUUUCUUGGGCUGGAAGGU
481,Sequence_600,seq_152465,97.0,1.0,UCUCAUUUCUCUUCAAACAAAUAUUCUCUAA
482,Sequence_686,seq_94392,2600.0,1.0,UAUUUUUUUCUACUAAUUUUAACG
483,Sequence_210,seq_108834,4700.0,1.0,CUAAUAAUAUUUCAUUAAAUCUCCAAG
484,Sequence_151,seq_40616,1500.0,1.0,UAAAAAUACAUUUAAAUACUUAACUAUAUUAG
485,Sequence_44,seq_137252,3000.0,1.0,CCCUAACACAUUUACAAUUAUUAUUCUAG
486,Sequence_265,seq_48284,2400.0,1.0,ACUUUCAUCUUAUUUUAUUCAUACUAAG
487,Sequence_355,seq_56360,8000.0,1.0,AUUUAACUCCUUUACACAAUUUACUUUUUCUCUUGUUUU
488,Sequence_801,seq_143259,3600.0,1.0,CCAAAUUCUUUCUUGUUUUUUUCCCCAAUUCAGUUAUAUUCG
489,Sequence_603,seq_89641,9400.0,1.0,AUAAUUUAUUUUACUUUUUUUUCUCUAGUUUAUG
490,Sequence_822,seq_39040,1800.0,1.0,ACUUUAUCAUUUUAUCUUUCCAACAU
491,Sequence_871,seq_94672,8800.0,1.0,AUAUUUCCACACCUACUUAAAAAUCUUG
492,Sequence_266,seq_159207,4500.0,1.0,UCAACUAAUCUCUUAUCCAAAACCCAUUUUCA
493,Sequence_290,seq_42021,2200.0,1.0,GUUUCAUUAAUUUAAGUGAUUUCUUCCUCUUUUUUUUUUUUUUUGAGA
494,Sequence_996,seq_115085,5300.0,0.95,AUUAUAUAUUCCUUUAAUCUACUUAAAUAAAUUUUUAAAAUCU
495,Sequence_571,seq_111227,1800.0,1.0,UCCUUAUCAUUAACAUAUCAU
496,Sequence_417,seq_78451,770.0,1.0,UUUUUUAUUUUAUUUUAAAAAAUACACCUUAAUUUAUU
497,Sequence_520,seq_170124,5200.0,1.0,AUAUAAUUGUUACUUUAUUUUCUACAUAUUAACUUCG
498,Sequence_350,seq_109574,2900.0,1.0,CUAUUCAAUUUUUUUCCUUUUUAAUUUACUAG
499,Sequence_827,seq_61087,4600.0,1.0,UUUCAAUAGCUCUUAAUUUUUUCUCUUUUCCACAAG
500,Sequence_779,seq_125247,1800.0,1.0,UUAAUUUUCAUCUAAACUCUUAAAUCG
501,Sequence_356,seq_62545,4100.0,1.0,CUUUUAUUAUUUUAUUUUUAAAUCUCUACG
502,Sequence_428,seq_129158,3800.0,1.0,UUUUUCAUUCAUAUUCAUUUCUAUAUUUAACUUU
503,Sequence_912,seq_20051,5300.0,1.0,UUUCUGUUGUUACCAUAAUACUAAUUUAAUUUCUUAUUUUUCCCAUG
504,Sequence_809,seq_44605,3000.0,1.0,AUUAUUAAACAUCUCAUACCAACACG
505,Sequence_294,seq_80527,3700.0,1.0,CAUUUUUCCCUUAACAUCAUCAACAUAUCAUUC
506,Sequence_77,seq_170666,6100.0,0.9444444444444444,CUUUCAUUUUUUAGUUCUACAUGUCUUAAACACCUUUAUUUCUUU
507,Sequence_705,seq_94338,5800.0,1.0,GGGCUUUUUUUUCAUUCUCUUUUUUUCUUUUUUUCUUUUUAAA
508,Sequence_330,seq_118252,8400.0,0.9333333333333333,UGGAGGAUAUUGUUAAUUAUUUUCCACUGUUCAGAAUUAUUAUUAU
509,Sequence_910,seq_93775,7000.0,1.0,UUAUUUCUUUUAUAUUAUAUUUAUUUACUUUCUUUUUUG
510,Sequence_895,seq_158432,4200.0,1.0,UAAAAUUAUACUCAUAUUUUACCUCUU
511,Sequence_791,seq_94382,2400.0,1.0,UACUUUUCUUUUUAAUCAUAAACACG
512,Sequence_339,seq_22404,2600.0,1.0,AAUCCUCCUUUUAGCACUUUUUUUUUUUUAAAUG
513,Sequence_517,seq_157081,2100.0,1.0,UAUUGGGGUCACCCAGUUCAGCACAACCCCAAGCCUUUUAUAGCUG
514,Sequence_195,seq_142428,2300.0,1.0,UAAAAUUUAAUAAAUUACAAUUUUCAU
515,Sequence_507,seq_28141,5800.0,1.0,UUAAAAUUCUUUAUAAUCUCCUUCAUUCACAA
516,Sequence_313,seq_16520,8600.0,0.9375,UAAAUUUUUUUAUUUGCUAUUACAUUCUUUCGUUUUUUAGAAAGUAG
517,Sequence_121,seq_149784,3700.0,0.9166666666666666,GAAGAAAAAUAGGCGUUAUCUCUUUGGGCACGCGGCGUCGUG
518,Sequence_974,seq_149879,4900.0,1.0,AACUCUUAAAUUCCUUCUAUUUCGG
519,Sequence_495,seq_44788,3800.0,0.9333333333333333,CACAUUUGUCUGUAACCAAACUUGAUUUUUUUACAUUCAUAUAAAAAUAAACAUG
520,Sequence_358,seq_575,2900.0,0.9166666666666666,UACGUUUUGCUACAACAACCUUAUUAAGUACUAUCUG
521,Sequence_202,seq_151558,2700.0,1.0,UUUUUAUCAUAUAACCUUCAUUAAAG
522,Sequence_957,seq_79872,2100.0,1.0,CUAUAAUUAUUUUUACCUAUCCUACCAAAACACACUCUCA
523,Sequence_991,seq_17338,5600.0,1.0,UAUGUUAUAUUUUUUCUUCAUCUAAG
524,Sequence_969,seq_6254,2300.0,1.0,UCAUAUUAUUUAUCAAUUUUCUCUUCAAAUUUU
525,Sequence_656,seq_107556,6000.0,1.0,UUUUUUUCCUUUAUUCAAUAUAAC
526,Sequence_551,seq_10907,4200.0,1.0,ACUCUAUUCUAUAAUUCUCCCACUUCCCCAUAUAUUCU
527,Sequence_106,seq_128840,3000.0,1.0,UUUGUCUUUAUCCUUUUUUUUUUUCCCCCUCCUGUUAUCUUUCUCCGG
528,Sequence_316,seq_159577,7000.0,0.9375,ACUUCUAUCUUUAAUACCCACAUCUAUUAUUUG
529,Sequence_45,seq_157775,3800.0,1.0,CCAUUUUUUCAACUUUUUAACAUACAAAUU
530,Sequence_249,seq_18456,12000.0,1.0,UUUUUUUUUCCUAUCUAUAACAUUUCCUUCAAG
531,Sequence_795,seq_14017,3700.0,1.0,AUUUUUUCAGAACCUAUUUCUCCCAUCUUUGCAG
532,Sequence_46,seq_13375,3300.0,1.0,CAUUAUUGUUUAAUUUAUAAGAAUUAAUGAACGUAAGCUAUUUU
533,Sequence_269,seq_65397,8300.0,1.0,CAAAUAAUCUUAUAAGUAAAAUCGAUUACUUUUCCCCAAAUUAG
534,Sequence_999,seq_165263,4300.0,1.0,CUUUUCUUUACCAAUAUUAUAUCAUUUUG
535,Sequence_825,seq_28014,3500.0,1.0,ACCCAAUUUUCUUUCUAUUUUAUCACG
536,Sequence_260,seq_110896,5300.0,1.0,AUUUAACAUUCCUUCUCUCAUAUUCUA
537,Sequence_255,seq_146851,4900.0,1.0,CUUUUAUUUUCAUUUAAAACACUUUCA
538,Sequence_812,seq_104042,8800.0,1.0,UACUGACUCAUUUUAUUUCUUUUGGGGGUUUUUUCCCCACCCCUG
539,Sequence_94,seq_41770,3800.0,0.9444444444444444,UUAUUCACACCUUACAUUGUUUAUUAAAAAUAAG
540,Sequence_844,seq_32620,9400.0,1.0,UUGCUAAGUUUUUAGAGAAUCUAGGUUUAUUACCAUCAUCG
541,Sequence_268,seq_41013,1700.0,1.0,CCUUCCUACCUCUUUUAUACAUUCCCUUCA
542,Sequence_362,seq_1932,7900.0,1.0,AUUAUGUCAUUUCACAUUUCUACAUUUAGCUUGCUUUAUUG
543,Sequence_432,seq_24443,4600.0,0.9,UUAUUUACUUUUACUACAAAGUAAUAUUCAAGUUUCUCUACCUUUCUGUUUUUAUUAUUUACUAG
544,Sequence_828,seq_168893,880.0,1.0,UCUGACUCUAUUUCUUCCCUCCUCAGAUCCCG
545,Sequence_229,seq_118209,6200.0,1.0,CUUUUUAUACCUUUAUUAAAAUCCUAUUUCUUG
546,Sequence_840,seq_61672,120.0,1.0,UACUCAAUACAUUUUCAUUUAAG
547,Sequence_941,seq_6660,3300.0,1.0,UUACAAACUUUUUUUCUACUUUCAUCCUAAGG
548,Sequence_846,seq_47523,6100.0,1.0,UUUUUAUCCAAUUAUAUUCUUUACAUUUUUUAAAAUG
549,Sequence_793,seq_1779,770.0,1.0,UUCUAUUUUUUUUUCUCCCCUCUUAG
550,Sequence_37,seq_145444,7900.0,1.0,UUUUCUAAUCUUUUUAUUAAUUUUUUUUCAUG
551,Sequence_630,seq_152647,3300.0,0.9230769230769231,AAUCAAGGUUGUCUUCUUUUGGUAUAACGCGCGGACAA
552,Sequence_413,seq_5286,4000.0,0.8947368421052632,GUCCUAUACUGUUUUCAUAUUUAUGAUUAUAUUUCUUGUUUACCCACUCUUAUUUUUAG
553,Sequence_275,seq_143870,3800.0,1.0,UAUACUUAUCUCUUUUUUUACU
554,Sequence_398,seq_1716,4300.0,1.0,CUUCUUUUAUAUAAUAUUUUAACUACAG
555,Sequence_950,seq_65086,2000.0,1.0,UUCACCUCUCAACACUAAAUUUC
556,Sequence_683,seq_142407,4600.0,1.0,ACCUCAUUACAAACUUUAUUUAUACAU
557,Sequence_968,seq_101483,7100.0,1.0,AGAUGGGUUGAGAAUUAGGACUACUCUUUAGCAAGUUUGCU
558,Sequence_752,seq_95372,3600.0,1.0,UUUUCUUUUUCAUUGUUCAAUCAUUGUUUAGUCUG
559,Sequence_248,seq_29481,1800.0,1.0,UUCACCUUUUUUCAACAAAUUUAUUCUUUUAG
560,Sequence_578,seq_51146,4700.0,0.9230769230769231,AGGGUUAGAUGACAAUUCACCGCUUGUUUCAGGACACCCGAUCCC
561,Sequence_631,seq_23061,3200.0,1.0,UACUAUCUUCUUAUUUCAUACC
562,Sequence_665,seq_160774,4700.0,1.0,CUUCCCUAUUUAAUUUUCAUACUCCUUAAUA
563,Sequence_371,seq_62103,4100.0,1.0,UAAAUAUUAUAAUUCUCCAUUUCUACG
564,Sequence_455,seq_140160,2700.0,0.9285714285714286,ACUCAUUUAUAAUUCUUUUAUUCAAGCUAAUUUAGUUUCCUGAUUCAUUUG
565,Sequence_780,seq_5299,1100.0,0.9230769230769231,UUUACUAGAGGCUUAUGCAGUG
566,Sequence_308,seq_67509,12000.0,1.0,UAUAAUCUUUCUAAUAUUUUCUUCUUUUAUAUG
567,Sequence_731,seq_130185,6900.0,1.0,CAACUUCAAUUAUAUCCAUUUUCAAUG
568,Sequence_95,seq_151277,2800.0,1.0,UUCACUACCUUUAUUCUUUUUUAA
569,Sequence_913,seq_136132,3800.0,1.0,AAAUAUUUCAUUUUUCACAACAUUUUACCUG
570,Sequence_847,seq_28180,2300.0,1.0,CCUCACACAUUUUUCUAUG
571,Sequence_452,seq_28372,7700.0,1.0,ACAUUCUAAUAAAAUUUUACCUUUUCUUACUG
572,Sequence_73,seq_162860,11000.0,1.0,UAACAUAUAAUUAAUACAUUUUAUUAUUCUAAUAG
573,Sequence_144,seq_67338,5200.0,0.8,CACUAGGCUUAUUCUGGUCUGCGCGCUAGGUUCAUCAUUUAUUCG
574,Sequence_360,seq_20406,3900.0,1.0,UCAAAACCUUAAACUUUUAUUUUAAUCCA
575,Sequence_295,seq_136485,2300.0,1.0,CCUUUCUUUCUUAAUUUACCUAUUAG
576,Sequence_122,seq_157649,1300.0,1.0,UAUUUAUCAUCUUUCAUUACAAAUCG
577,Sequence_222,seq_93493,4600.0,1.0,CAUCUUUUUAUUAUUUUCCCUUUCCAUCA
578,Sequence_123,seq_24800,4100.0,0.9333333333333333,UCAAAUUUCUGGGUAAAUCAGGAUCUCUGUUAUUUUUUCUAAAAUGGAACA
579,Sequence_51,seq_105091,1800.0,0.9047619047619048,AUUUUAUAAAGUGAUCACUUCCUUUUUCAAAAUUAAUGAAUUUGAUUUUUG
580,Sequence_886,seq_103950,8300.0,1.0,CAAUUUCUUUUUAUACAUACUUAAUAUAUCUUAUU
581,Sequence_47,seq_61907,5000.0,1.0,UAUUUUACCUUUAACAUAUUUUUAA
582,Sequence_56,seq_50496,2900.0,1.0,AUCAUCAUAUCUUCAAUAAUCUUG
583,Sequence_668,seq_101330,9900.0,0.9444444444444444,GACACUUUAAAUAAUUUAUACAUAUAAAAAAAAAUAUAAUAUAUAU
584,Sequence_937,seq_109769,6100.0,1.0,CUUUUUCUAUUUCCUUUCAACUAUUUUUUCAAAG
585,Sequence_244,,10000000000.0,,AUCUU
586,Sequence_734,seq_167060,5900.0,1.0,AUCUCUAUUUUUCUUUUUUCCUCUCA
587,Sequence_948,seq_118791,860.0,0.8888888888888888,UGGCAAAUCUCCACACAUUCACACAUAAUAAUAUUUGCCUGUUUCG
588,Sequence_461,seq_130885,1600.0,1.0,UAUUACUUCCUUUUUUCCUCUCUUAAACAU
589,Sequence_854,seq_59310,1400.0,1.0,AAAACUUUAUUUUAUUUUCUAUAAUUUAAUAG
590,Sequence_459,seq_154081,3500.0,1.0,UUCCAAAUACACACUUAAAAAG
591,Sequence_992,seq_23318,3800.0,1.0,AGUUAUAUAAACAUAAAAACACCUUGUUUUAUUGUUAAG
592,Sequence_525,seq_20584,2100.0,1.0,AUACUUCACUACUAUCUUUACCUU
593,Sequence_112,seq_95622,3300.0,1.0,CAGCUAUUUAUUUUACCAUAUACAUCUACAAUCUUAUUACAUUG
594,Sequence_397,seq_138923,5300.0,1.0,UUCUUGUUAAUAUUUUCAUCCUUCCAAAAG
595,Sequence_693,seq_86451,870.0,1.0,CACCGCAUAGAACAUUUUUUCACUCUUCAUCCAAG
596,Sequence_465,seq_93649,1200.0,1.0,UAGCCAAUGGUUCUGAU
597,Sequence_863,seq_132774,3700.0,0.8823529411764706,GCUGCUUUAUUUCAGCUCAAUUUCUUUCAUUACUCUUUUAAG
598,Sequence_857,seq_122680,4000.0,0.9230769230769231,AUAUUGCACCUCAUCUCAAAUGUUUG
599,Sequence_680,seq_142246,1800.0,1.0,AUACUAUCAGGCUUAUACAUUUUAUUUUAUUAUUUAAG
600,Sequence_118,seq_153234,3400.0,1.0,UAUUAAAUUAAUUUUUAAUUCACUUUUG
601,Sequence_887,seq_32921,13000.0,1.0,UUCUACUCCCUCCUCUGCAAA
602,Sequence_84,seq_140630,5600.0,0.9375,UUUUUUCAUAAAUCUUCUUCCCUCCAACUAA
603,Sequence_627,seq_38199,11000.0,1.0,UUCUAUUCAUUUUCAUAUUAACUUUCUAAUUAG
604,Sequence_878,seq_111336,1900.0,1.0,UCUUUUUAGUUAAUUAAUUCUUUUGCUAUCAACAUUCAG
605,Sequence_141,seq_6846,7000.0,1.0,CUAUUAUUUUUUCUACUUUAAUUUAUUAAUUUCCAUUUU
606,Sequence_986,seq_114206,7700.0,1.0,CAACUUACAAAAAAUAUUAUCUUUUUACCUUG
607,Sequence_430,seq_77154,7400.0,1.0,UUAUUACUAUUAAAUAUCUUUUAUUUCUAAUUUUAACUG
608,Sequence_595,seq_140149,10000.0,1.0,CUUUUAUAUACUCUCUUCUUUUUCUUAAAG
609,Sequence_373,seq_130073,8400.0,1.0,UUCUUUAACUAUAUAUUUUAAAUAAUUAACCGGGAGG
610,Sequence_332,seq_73102,1200.0,1.0,UUCAACUGGAUUCUACCUUACUG
611,Sequence_796,seq_32956,4200.0,0.9047619047619048,UACAAUUCCAUUGAACCAAAUUUAGGUUCACCUUUGUUUUCUUUUGUUUUUUUUUUGUAAGG
612,Sequence_140,seq_24829,890.0,0.8636363636363636,AUAAUUACUUUUAUCCAUAAUCUAUACGUAUGUUUUGACUUAUCAAGAGAUAGUUUUUUUAG
613,Sequence_586,seq_149152,2100.0,1.0,UUUAAUAUAUUACAAAAUUCAAUAG
614,Sequence_391,seq_169212,2500.0,1.0,UGUGAAGCACUUUAUGCUUAUGUUCUCAACCUAGUUUUUGUAG
615,Sequence_556,seq_42365,11000.0,1.0,CAUAUUAUAAUUAAAUUUUUAUCUUUAUUUACUUUC
616,Sequence_243,seq_104029,2100.0,1.0,UAUUUUAACUCUAAACCAAUG
617,Sequence_262,seq_103415,2300.0,0.9375,AAAAAUUCCAAAAAUAAAAUUCCUCUCUCUUUUCAUUACAUUCG
618,Sequence_509,seq_162129,1700.0,0.9411764705882353,UUUGUUAAAUUUGAAUGGACUUCUCUUUUCAACUACCUACCAAAUG
619,Sequence_837,seq_138001,7800.0,1.0,AAUUUAUUACUUUUCCUAAUUCACUAACUUUUUUUU
620,Sequence_79,seq_97096,8700.0,1.0,AUAUCUUAUAAAAUCUUUUCAUAUCCAACCCAAACUGU
621,Sequence_198,seq_106644,4500.0,0.9444444444444444,CAACAAGUGGCCUAAAUUUAAUUUUUUAAAGAUAUUAACAUUUAUUUUAAGUUAUCCCA
622,Sequence_565,seq_60444,2800.0,1.0,CUUUUACUUUUCACAUUUUUUAAAUCCUACUCUU
623,Sequence_671,seq_112315,1500.0,1.0,AUUAACUUUAAAACAAAUUUUAUUAAAAUUAAUUA
624,Sequence_460,seq_65124,5700.0,0.9333333333333333,AGACACUUUAUUUUGCAGCACCUUUUAGUUAGCCUUUU
625,Sequence_504,seq_146669,3900.0,1.0,UUAAUUUUCAUUUUAUUCUUCUUUUUUACAAACAAG
626,Sequence_302,seq_139792,4100.0,1.0,UCUAAUUAUCUCUUUUUACUUAG
627,Sequence_388,seq_83574,10000.0,1.0,UAAAACUUUUUUGUUAUAUAUUUUAUUAUUAUUG
628,Sequence_956,seq_105648,2400.0,1.0,AACUACUUUAGAACUCAUGAACUGCAUUCUUGGCUUUCUCG
629,Sequence_916,seq_129256,6700.0,1.0,CCAAUCCCUUUCUUUUUAUUUCUAUCCUAUUUAG
630,Sequence_441,seq_160802,6800.0,1.0,CUCUUCAAAAUCUUUUAUCAAUAUUAACAUUUUCUUUUCUUAUCG
631,Sequence_635,seq_143196,3500.0,0.85,UCCAGACUAUAUAACAGUAAUUUUAAUCUCCCUGUUUUCCUUAUCCUUUUCAAUUGUAG
632,Sequence_134,seq_98033,3100.0,1.0,AUUUAAAUACCACACUCAUAUUCUG
633,Sequence_450,seq_61797,2000.0,1.0,CUUACUUGAUUGGAGCUACUCUAUG
634,Sequence_158,seq_100694,3800.0,1.0,AAUCACUUUAUUACUUUCCAGAUUCUCAG
635,Sequence_191,seq_62489,4900.0,1.0,UUUCAAUUCUAAAAAUUUACCUACA
636,Sequence_772,seq_66994,7100.0,1.0,AUUAUUUCUUUCUCACUCCUCUUUCA
637,Sequence_407,seq_122311,4500.0,1.0,ACUUUUAUUUUUUACCUUUCUAAAUCG
638,Sequence_1,seq_41573,4200.0,1.0,AUUUCUCUUACUUCUUUCAUAACU
639,Sequence_531,seq_115201,7200.0,1.0,UAAUAAUUCUUAACAUUAAAAUUUUUCUUAAUG
640,Sequence_955,seq_77602,8200.0,1.0,AUCCUACUUUUUUAUCUUACAAUA
641,Sequence_718,seq_101797,880.0,1.0,UAUAUUAUUUCCUAUUACAUCUACUACUG
642,Sequence_147,seq_99084,5200.0,1.0,CUGUUGUUUCAUCACUAAUUAUAUUUUAACG
643,Sequence_761,seq_135971,12000.0,1.0,UCUAACUUUCAUUAAUAUCUAUUUUAUUAAUUG
644,Sequence_851,seq_120440,3400.0,0.9333333333333333,AGAGUUUCCUAUCAAUGUAUUUGGGAUAUGCGAUUACGGCCA
645,Sequence_383,seq_105904,3800.0,1.0,AGGCAAGUAGUUUUUUUUACUCUGACACUAUGGGUACGCCCU
646,Sequence_876,seq_170124,4600.0,1.0,UUUCAUUUUUACUUUUCCUUUUCAUUUUAAUG
647,Sequence_808,seq_166203,5500.0,1.0,ACCUUCUUUUUUACACUAUUAUACUUUUUUG
648,Sequence_164,seq_127880,8700.0,1.0,AUUCUUAAUUUUUUUUUCUUUCAUCUAACAUAUACUU
649,Sequence_607,seq_4943,6900.0,1.0,CUUUUUUAUUUUUUAUUUCCCUCUUCUU
650,Sequence_849,seq_74150,6900.0,1.0,AUCUUUUAUUAUUUUACUUUAUUAUUUUACAUU
651,Sequence_179,seq_166159,4300.0,1.0,UCAUGCAUUUGUCUACUUGAUACACUCAGUCUUUUGGUUUUUAAAAAAAAGG
652,Sequence_961,seq_62376,4900.0,1.0,CUUCACUUUCUUUUACCUCUCUCUCUUUAAAUUAG
653,Sequence_90,seq_97774,4500.0,1.0,CCACCUUUUUUUUUAACUUUGUUUCCUUAUUGCUAUUG
654,Sequence_834,seq_88425,5200.0,0.9230769230769231,GCUAGACUGGUCGGACUGGAGGUUCA
655,Sequence_778,seq_12108,3700.0,1.0,UCACUCUUUAUCCAACUUUAUUCAC
656,Sequence_931,seq_83412,7400.0,1.0,GACAUCUGUUGCCCCCUGGGUUAGUGGCUUUUUUUUUUUUUUU
657,Sequence_285,seq_61572,4700.0,1.0,UACAUAUAUUUUUUUAAGCUUCUAUCAUUUCG
658,Sequence_458,seq_125802,5600.0,1.0,CAAAAUUUCCAAAUUUUAAAACUUUUUU
659,Sequence_940,seq_167758,800.0,1.0,CAACUUAUUAAUUUCUCCUAAUUAUG
660,Sequence_173,seq_101783,6600.0,1.0,AUAAAAUUUAUUAUUUUUUUUCUAUCAUUCAU
661,Sequence_892,seq_79015,4300.0,1.0,AUUCCUUUCAAAUCCCUAUUUUCAACUU
662,Sequence_724,seq_22626,2700.0,1.0,CACAUUUCUUCCUUUUUCCAAUUCUUUAUCUAU
663,Sequence_36,seq_39897,3500.0,1.0,UAACAUUUUCUCAUCUACAAUUAAUUUAAA
664,Sequence_879,seq_163277,3200.0,1.0,CUAUGUUUUUUAUUUUUAUAACUUUCUUUACG
665,Sequence_646,seq_135230,7300.0,1.0,GAGGAUCCCUGUUAUUCUACUUAAUGAUCUGUUUUUUAUUUGUUUUUUAAG
666,Sequence_340,seq_63900,12000.0,1.0,ACAAACACUCCAAAUUAUUUUAACUUUUCUAU
667,Sequence_219,seq_24090,1900.0,1.0,UACCUUCUUCUUAUUUCUUCAACCAUU
668,Sequence_305,seq_140907,4300.0,1.0,UUUUAAAACCUUAAUUCCAAAACUUACACUG
669,Sequence_405,seq_128508,6400.0,1.0,CAAAUCAUUUACAUACUAAUACCUUUA
670,Sequence_346,seq_158860,4000.0,1.0,CAGUUUUAUAUUUUCUUUAACCUAUG
671,Sequence_804,seq_113940,4000.0,0.9444444444444444,UUUUUCCUCACCCUUUCUCCCCUUGAUUCUAAUUUUAUACCUUCUCCUUUUCCAG
672,Sequence_401,seq_136372,580.0,1.0,ACAGCCCACCUCUCCCUUUUUUUUUUUUUUUUUAAGUUCAGUCUG
673,Sequence_839,seq_89900,5700.0,1.0,CUUAAAACAUUCUUUCAUUUACAUUUUAUUUAUAUUA
674,Sequence_25,seq_21407,5900.0,0.9333333333333333,AUUUAUAAUUACUUAAGUUUUUUUCUAACAUCUACAGCCAUGUGUACA
675,Sequence_311,seq_57315,8900.0,1.0,UAUUUACACAUAAUAAAUUUAUUUUCUUCAA
676,Sequence_906,seq_89625,5500.0,1.0,AAACUAUUCACUAUUUUUAAAUUACAUCUCG
677,Sequence_103,seq_165030,13000.0,1.0,UUUUAUUGUUAUUUAACAACAAAAACAAAG
678,Sequence_523,seq_82582,3200.0,1.0,CUGCACACUUCUCUCUUUAUUUCAAACUUG
679,Sequence_611,seq_142391,860.0,1.0,GUUACUACUCCUUCCAUAUCCCUUCCG
680,Sequence_233,seq_157385,1000.0,0.9473684210526315,UUCACAUAAACAUCUUACCUUUUUAUAAG
681,Sequence_947,seq_117309,1200.0,0.8888888888888888,CUCCCCUCUGCCUUAAUUGAACAUUAAAAUCUAUUUCUUAUAUAGUCUAAUUUU
682,Sequence_66,seq_86374,8500.0,1.0,CCAUGGCUCAUACUUUACAAAUUUUUAUUUUUUUUCCCUCUGCUGU
683,Sequence_199,seq_106608,5500.0,1.0,AAUUUAUUUUUUAUUUCAUUUUUCAUUAAAUUG
684,Sequence_979,seq_48394,1300.0,1.0,UAACCCUCAAAACUCAUUUCAC
685,Sequence_515,seq_111640,460.0,1.0,UUAUUUUUCAUCAACAAAUAUA
686,Sequence_155,seq_27260,1700.0,1.0,UAAUAUCAUUACUUGCUUAUUUCCUGUAG
687,Sequence_240,seq_25328,8500.0,1.0,UUUCUCACUAAAUACAUCAUACAUUAUUUGUAUCUG
688,Sequence_639,seq_95154,2600.0,1.0,CAAAUCUUUCCAUUUAUUAAUUUAAAG
689,Sequence_86,seq_158474,5300.0,1.0,AUUUUAAAAUACUUAUCCCAUUACU
690,Sequence_594,seq_163952,6000.0,1.0,AUACUUUGUAAUUUUAAUUUUUACCAGCAAAUG
691,Sequence_634,seq_136655,2100.0,1.0,AUCCUGGCACCAUCUAAAACAAUAAAAUAAUUCAAAUUCAG
692,Sequence_287,seq_147570,1800.0,1.0,CAUUUUACCAAUUCACUAAUUUCUCAG
693,Sequence_482,seq_148324,5600.0,1.0,UCCUUAUUCUAUAACUUUAACUAAUG
694,Sequence_171,seq_58933,4900.0,1.0,CCAUUUAACAAUACCACAUAAUUUUUAU
695,Sequence_310,seq_30929,2200.0,0.9411764705882353,UUUUCUUGGUACUAAAUAUUUAUCCUCCAUAUAUUCCUAAG
696,Sequence_204,seq_29893,740.0,1.0,AUCUUUUCUUUUACAUAUAACUCAUAG
697,Sequence_49,seq_110330,4500.0,1.0,CACAUUAUCUUCUAUUUUUUAGUUUUUUGGUUUUUUUUUUUUAAAAGUCAUAAAAACAAAAAAGUUUG
698,Sequence_907,seq_123701,5600.0,0.9444444444444444,AUUUUUUAUUCUUAUUAGCAAAUUUUUAAUUCCAUAUUUACUCAG
699,Sequence_606,seq_66358,4500.0,1.0,UCUUACUAAAUAUCAUUUUUUGUAG
700,Sequence_932,seq_21384,7300.0,1.0,UAAAUAUUCAUUUCUUACCUAUUUUCCCAC
701,Sequence_781,seq_6127,1500.0,1.0,UAUAUUUCUUUCCAUAUUUUCUUUUCUUUUUAAACACUA
702,Sequence_52,seq_76429,5100.0,1.0,AUCACACUUCCUUUUCAUUCUUCU
703,Sequence_178,seq_152312,3800.0,1.0,AAAAUUUCUCAUCAUUUUUACUUUAAUAG
704,Sequence_189,seq_107767,1500.0,1.0,AUUAUAUACUUUUAUUACACAUUUUCUC
705,Sequence_438,seq_110754,6800.0,1.0,UCCUAAAUAAUCUAAUUUUUUCUCCAACA
706,Sequence_925,seq_24160,3200.0,1.0,UUAACAAACUGUUUUUUUAAUUGUUUAGCGUUUUUCCUCAUCACUUAG
707,Sequence_900,seq_6616,4900.0,1.0,UAUUCUUUUUUUAUUUUUUCUAUCUCUUUUCAACAG
708,Sequence_321,seq_119444,11000.0,0.9523809523809523,AAUUUAAAAUCUUUAUUAUUCUUUUCCUCUCAUCCUUUU
709,Sequence_61,seq_296,1400.0,0.8666666666666667,CUCCUCACUUCUCCUCUCUGCGACCCUGAAUCCAGGGAUGCUCGGAAG
710,Sequence_336,seq_66848,2400.0,0.9333333333333333,AGACUUUCCUCACGGGCACUAUUUUGCGGCCCGUU
711,Sequence_203,seq_95255,4000.0,1.0,AUAUCUGUUCCCUACUUAUUUAUUUCCAAUUUUG
712,Sequence_970,seq_108808,1000.0,0.9375,AUUUUAAAACCUGGGCUCUUCAUGGCCAUUCAGCAGCUG
713,Sequence_132,seq_92465,7700.0,1.0,CAAGGAGAAAAUUCAACAAAUACAUCG
714,Sequence_108,seq_127646,790.0,1.0,CAAACUUACAAUUAUUUCAAAUAUACACACACACAUUUG
715,Sequence_213,seq_41629,6700.0,1.0,AACCUCUUAUCUAUAUCAUUUUCCA
716,Sequence_67,seq_78346,11000.0,1.0,ACUCAAAGUACAUUACUUUAUAAUUAAAAGAAAACAG
717,Sequence_498,seq_14085,7600.0,1.0,AUACUAUACCAUCUUUUAAUUAUUUUCAACUUCCU
718,Sequence_165,seq_24299,8700.0,1.0,AACCCAUUUUGUUUUUAUUUAUUUUAACCUG
719,Sequence_331,seq_76635,3600.0,1.0,UUAACUUUUUUACACUUUCACUUUAAAAU
720,Sequence_601,seq_36230,1500.0,1.0,CUUUUUCACUAUAUUUUCAAUC
721,Sequence_787,seq_128008,1000.0,1.0,CUAAUUCUUUAUAACACUUCAUA
722,Sequence_92,seq_58107,6800.0,1.0,UUACUUUUCUUUUUUCUCCCCUUACCUUUUUCAUUUCUAAAAAA
723,Sequence_757,seq_48867,7200.0,1.0,CCCUAAGUUUUAUAAAAUUUUAUUAUUAUUUUUAAAAU
724,Sequence_783,seq_66036,7600.0,1.0,UUAAUUUUCAUAUUAUCACUUACUUCAAGACCUAUG
725,Sequence_674,seq_82507,10000.0,1.0,CAACUUAACACAUAUUAUCCUUUCUUUUAAAAG
726,Sequence_698,seq_13096,3300.0,1.0,UCCAGCUAAAUAUAAAUAUAUAUUUUUUUAAAGAUUUGG
727,Sequence_943,seq_33371,1500.0,1.0,UAUUUUUAUUACUAAACAACCUUUU
728,Sequence_959,seq_78031,4300.0,1.0,CUUACUUUUUCUACACACACAAUAUAUG
729,Sequence_806,seq_23454,3900.0,0.9333333333333333,AGACUCUCAGCGCAGUUGACUGGAUUAUAUUCGUUUCAUGCA
730,Sequence_80,seq_66938,680.0,1.0,UAUUUUCAACUAAUUUUCCUUUCCUCA
731,Sequence_82,seq_70085,4500.0,1.0,GAUUUUUUUUUCCUUCAUAUACAUUUUAUUGAUUAGG
732,Sequence_301,seq_127608,1700.0,1.0,ACAUAUUAUCUUACAUCACAAUUCACUCU
733,Sequence_858,seq_43183,5100.0,1.0,AUAAUAACUUUCCUCUUUAAAUUAU
734,Sequence_207,seq_20937,5800.0,1.0,AGAUACAGUAAUAGUUCAUAAUACGACCCCGGCGCGAGA
735,Sequence_293,seq_137863,8400.0,1.0,AUCUGCUAAUCAUCUUUAACUUUUCAUUAUUUG
736,Sequence_7,seq_132110,2100.0,1.0,CUACUCAAUAUAUUACUCUUUACUUAUUG
737,Sequence_4,seq_96847,8400.0,1.0,AACAUAAACUUACUUUAUGUUUUGGUAUUUUUUUUCAUUUUAAAG
738,Sequence_245,seq_41814,4300.0,1.0,AGUUUAACAAAAUCCUUAUUUUAAUUUAUUUUUAAUCG
739,Sequence_273,seq_105102,8400.0,1.0,AACUACUAUUUCUUCCUUCUCCUUUUUUUUUCCA
740,Sequence_424,seq_83937,4600.0,1.0,UAUAAAUUUUUUAUAACACUAUUAACUAUCUACUG
741,Sequence_440,seq_169816,6500.0,1.0,AUUUCUAAUUUUUUUUUUCCUAUCUCCAUCCCAG
742,Sequence_798,seq_66216,11000.0,1.0,UAAGUUGUGUUCUUCUAAAAUUAUAUUUUUAUUCAAAAUUG
743,Sequence_749,seq_106681,4100.0,0.9411764705882353,UUUAUCGCAUCUAAUUGUAAUCUUUAUUUGCUUGAUUAUAUUUCCCUCG
744,Sequence_869,seq_106202,5600.0,1.0,UACCUCAUACAACUAAAUAUUCAUG
745,Sequence_542,seq_51206,7400.0,1.0,GUUUUUCUCCUUUUGUUCUUAUUUUUUCUAAUUCCUUCUCUCUGC
746,Sequence_716,seq_11800,1500.0,1.0,UUACAUAAAUAUAUACCACAUUUCACUUUUUG
747,Sequence_342,seq_10573,470.0,1.0,UUUAUUUUCCUUUCUCUUAAAUACUAAAG
748,Sequence_254,seq_72314,1800.0,0.95,UCCAUUUAACAUCCAUUAAAUAUCUUGAUGAUUUUCAUUAAG
749,Sequence_829,seq_149039,260.0,0.8333333333333334,AGACGCGGAGAAUUGUACCUAGAGUUUACCAGGACACUUUGUGGGCC
750,Sequence_10,seq_27785,950.0,1.0,CUUCAUCCAAACUUUCA
751,Sequence_370,seq_67279,2000.0,1.0,UAAAUCUUCUUUUCAAACAACG
752,Sequence_104,seq_44316,6900.0,1.0,CUCUCCUCUUUAUUUUUUCCUUAUUAU
753,Sequence_109,seq_116622,2600.0,1.0,UUUUUCACCUUUAUUCCAACUG
754,Sequence_253,seq_19052,8600.0,1.0,CAGGAAAAUUUAUUUUCAUUUUAAUUAAAUAUUUUCUCCUACAUU
755,Sequence_379,seq_80907,2900.0,0.9333333333333333,AGGAAUAUGUACAUUGUUCUCUUGGUGCCGACGUCUCUUUUA
756,Sequence_271,seq_31146,4400.0,1.0,AAAUUUAUAUUUUAUUUUUCUACAAUAAAU
757,Sequence_387,seq_61644,3600.0,0.875,AGAUAUUGUAUUAUGGGCCCGGUGCGGCUGUUGGUUUCGGGGUGG
758,Sequence_663,seq_162665,3200.0,1.0,CAAACUCUUACACAAUCUCUCCACAG
759,Sequence_927,seq_105940,7200.0,1.0,UAUUUAUACUUUUUAUAAUAAAAUCUAUUUUCAG
760,Sequence_156,seq_72747,2800.0,0.9473684210526315,CAUAAAAUUUCUACUAUUUCAUAAUUUUUUCUUAUCAG
761,Sequence_406,seq_123242,6100.0,1.0,UGAAACUUUUUUUGGGUGAUGCAAAUUAAUUAUUUUCCUACAUUCCCAG
762,Sequence_259,seq_159811,1900.0,1.0,UCUUUCAAAUACCCUUUAUUAU
763,Sequence_319,seq_29438,5500.0,0.8888888888888888,CCAAUAACUUGUUUAUUACAGUAUAAUUUAAUAAGAGCUACUUAAACUAACCACAAUAAG
764,Sequence_126,seq_168631,2800.0,1.0,UCUCAUUUCUAAAACUUUUCUCUG
765,Sequence_276,seq_31474,5900.0,1.0,CUAAUUUCCUUUAACAUUUCUACUCUU
766,Sequence_550,seq_47274,4000.0,0.9333333333333333,AUCAGCUGGUUUGGUCUUUUACCUACUGUAUGGAAUCAUUUG
767,Sequence_149,seq_94451,820.0,1.0,CCGGACACAUUUACCAUUUUUUCCCCAACAG
768,Sequence_739,seq_39062,2400.0,1.0,AUAUUUCUUAACUCUUUAACCACAUUUUCAAAAG
769,Sequence_902,seq_68339,5900.0,1.0,CAACACUACCAAAUUUUCUUUACUUAAAUUG
770,Sequence_790,seq_95165,6800.0,1.0,UUUUAUUAUUACAAACAACCAAACAG
771,Sequence_598,seq_82087,2300.0,0.9333333333333333,UUUUGAGAGCUGGUGGUUCGUACCAUAUUUUUAUUUUGUCU
772,Sequence_888,seq_80407,5100.0,1.0,CUACCUCCUUUCAUUUAAUUUUAAG
773,Sequence_667,seq_132176,1700.0,1.0,UUUCAAUUUUUUUUAAAACUUUUCUAUAUA
774,Sequence_942,seq_55907,8100.0,1.0,GAUAUAAUUGGACUUAGUUCUGGGUGA
775,Sequence_803,seq_78724,5600.0,1.0,UUCCCUCUAUAUAAAACAUCUUUUAG
776,Sequence_885,seq_75123,5600.0,1.0,UAACAUAAUUCUUAUUAAAUAU
777,Sequence_431,seq_57787,6300.0,1.0,UUUUCACUAUUUUCUUUCUUCUUUCUUCAG
778,Sequence_541,seq_40885,2900.0,1.0,GGAGUUUUGGAGCAUCAUACUUUUCAUCCACAGAUUCUUUCUUG
779,Sequence_976,seq_97258,5400.0,1.0,UAAUCAUAUCUAAUUUUUUUUCUCUUAUCUCAAG
780,Sequence_535,seq_5716,4300.0,1.0,UUAAUUUUAUACUCUCUUAACUAAAGCAUG
781,Sequence_216,seq_91964,2800.0,1.0,UUAGCCUUGCAUUCUACAAUUCUUUUUUUUUUUUAAG
782,Sequence_659,seq_154848,6200.0,0.9333333333333333,UGAGCUUCCUAUCUUUAAUCAAAGCUGGGAUUUACAGUAAUUCUG
783,Sequence_366,seq_157729,5600.0,1.0,UCAUCUAAUCAAUAUUUUUUCAACACG
784,Sequence_192,seq_58776,8400.0,1.0,AAUAUAUUUUUUUCUCUACCUCUCAUUUUACAUUUAUA
785,Sequence_706,seq_72029,3000.0,1.0,AAAAUCAUCUCAUUACCUAAAAUAAG
786,Sequence_500,seq_55693,8300.0,1.0,UCAUUUUUUACCUAUUAUUCCUUUCUUUUUUUUCUCUUUCAAG
787,Sequence_393,seq_171037,8000.0,1.0,AGAUAUUAAAUAUGCAAUAUCAAGGGACACUAUAAAAAAUUUCUG
788,Sequence_54,seq_211,2000.0,1.0,UUUUACUUCAUGGGCAAACACUAC
789,Sequence_513,seq_11932,6900.0,1.0,UAAGAAACUAUGAUACACUUUUAUCUUUCUUCCCCCUCCCCUAAG
790,Sequence_224,seq_26516,700.0,1.0,AUAUUUUAUACCUAAUUUUUUUAAAAAUUUCCAACAU
791,Sequence_930,seq_65183,4900.0,1.0,UUUCUUCCAUUUCCUUUUCCAAAAUCUCUUUCUCUCU
792,Sequence_650,seq_45705,7000.0,0.9411764705882353,AUCCUUUUAUUAUAUUUUUUUAUCUUAAUACUUUUUUUU
793,Sequence_288,seq_144617,4400.0,1.0,UAUAUUUUUAUCUACCUAAG
794,Sequence_666,seq_167166,2600.0,1.0,AUCUUUUUCAUUCUUUUAUACUUUAAUG
795,Sequence_701,seq_4005,10000.0,1.0,CCCUAAAUACUAACUACUUUAUUUUAAAAUCAG
796,Sequence_314,seq_26731,6900.0,1.0,UUAAUGUUCCAUAGAUACAUUUUAUUUUUUUCCCUUAAUUUCUAAA
797,Sequence_815,seq_13126,8600.0,0.9473684210526315,CUAAUUAUUUCUUUCUUACUAUUUUUUAAUUAUUAAUU
798,Sequence_510,seq_30051,4600.0,1.0,UUAAACUUACUAUAUUCAGAUUAACUGUUUUUCUUUUUUUUUUUAAAGAAUUUUUUAAUG
799,Sequence_661,seq_59522,1300.0,1.0,UUUUCUUGGAGACCAAUUAACCCUUCCUAAAACCAACAACG
800,Sequence_677,seq_161176,550.0,0.9285714285714286,AGAUGUAGAAAGUCUCUUUGAUUAGCGGCUCAUAUGGGAGGAGGCGU
801,Sequence_274,seq_95404,7600.0,0.9375,UGGGUAACUAUUCUUAUUUCUCAUUCCUAUUCAUCCUUUCCCCAG
802,Sequence_514,seq_68680,1500.0,0.8947368421052632,UUGUACUUUGUGUCUACAUUCAGCUCUGUUUCUUAAUCAAUG
803,Sequence_710,seq_105721,4600.0,1.0,CUUACUAAUUAAUUAUCUG
804,Sequence_880,seq_87538,1800.0,1.0,AACAUCAUUUUUAUUCUUAUAUCAUCUUAA
805,Sequence_997,seq_107270,1200.0,1.0,UUAUACCUACCAUAUUUUUAUUCAAAG
806,Sequence_773,seq_35520,6600.0,1.0,CAAACAUAUUUUCUAUUUCUUUAAUUCUG
807,Sequence_374,seq_160797,4000.0,1.0,UUUUACUUUUAAAAUAUUUUACUACCUUAAUCA
808,Sequence_560,seq_112935,2500.0,1.0,AUUUAAUUUUCCCAUAUCACUAUUAACUUCU
809,Sequence_702,seq_59166,6100.0,1.0,CUAUCAUCCUCAUUUCCUUCUGUUUUUUAG
810,Sequence_963,seq_141272,7700.0,0.9444444444444444,UUCGUAAAAACCACAAUAAUUUUUUUUAAUCAAUUUUCUUACUACA
811,Sequence_14,seq_145085,940.0,1.0,UCCCUGAAAGGAGAGAACCUUAUUUUAAUACUUCUACAAACAAG
812,Sequence_475,seq_135987,7000.0,1.0,ACUUCUACUCUAUUCUUAUUUCCCUACUCUG
813,Sequence_382,seq_135135,6700.0,1.0,UUUAUUUUUAUCCAUUUUUCCUACAAAG
814,Sequence_277,seq_41573,3000.0,1.0,UCAUUCUUUCAUCAUUUCUUCCAUCAACUAG
815,Sequence_589,seq_131059,4300.0,1.0,AAUAUCAUUAAUCAUUUUUCAUUUACA
816,Sequence_352,seq_118843,5200.0,1.0,CUUAAAUUUUAAUACUUUAUACUCUUUAAAG
817,Sequence_714,seq_59234,7100.0,1.0,UCUUCACUUUACCUUAUAUUUUAUUUUUUAAUCUCAUUAAAAG
818,Sequence_657,seq_16340,3400.0,1.0,UCCUCAAUUUUUCAAAUUUCAUCUG
819,Sequence_326,seq_129326,780.0,1.0,AUUUUUAGGAACUCUUAAUGUACUUUUUUUGUGUUUUG
820,Sequence_544,seq_32561,9300.0,1.0,UUAUUGUCUUUCUUUUACUUGC
821,Sequence_365,seq_144857,5300.0,1.0,CUAAAUUUCCUUAUACCUUAUCACAUUCCUUUAG
822,Sequence_512,seq_74281,3400.0,0.8571428571428571,AUGCCUUUUUUGUAUUUAAAUUUAAUUGCAGGGAAAUUAGCUUUAGUGUUUUGUCGAAACAUCUUUG
823,Sequence_411,seq_56932,6200.0,0.9333333333333333,UUACAGAAAUAAAACCUUCUAUAGUUACCCUUUCUCAUACUUGU
824,Sequence_736,seq_51620,3400.0,1.0,UUACCACUUAAAACACCAUUCAUUUAG
825,Sequence_958,seq_112837,5600.0,1.0,UAAUAUCUUAUCCAUUUAUUUUUUUUUUUUACUUUG
826,Sequence_3,seq_38243,5500.0,1.0,AUUAUACUAUAUUUCUUUUUCUUUCUUACCUUACCU
827,Sequence_377,seq_146884,8200.0,1.0,AUACUUAAUCUCUUUACUUAUUUUUUAUUUCUUUUUAAG
828,Sequence_877,seq_64690,3700.0,1.0,CAUUUUUACAAUUUUACAAACAUUUUAUUUUUAAG
829,Sequence_135,seq_75752,9000.0,1.0,AUCACUUUUAAUUUUCUAAAAUUUAUUAAUCUUAUUUCU
830,Sequence_490,seq_120269,1800.0,1.0,CACAAAUCAUUUUAUUCACU
831,Sequence_628,seq_39302,6100.0,1.0,AACUUCAUUUUAUUUACUAAUCUUG
832,Sequence_696,seq_13609,5100.0,1.0,AAUUUCUCUACCUCUUUUUUUUAAAAUAUUCUUUAA
833,Sequence_960,seq_56556,3400.0,0.9333333333333333,CUAACAGUUUCUUAUGGACCUCAUGUUUUUACCCCCUCACUG
834,Sequence_984,seq_32017,1500.0,1.0,UAACUGUUCUAUUUUCUCUACACAUUACUAGCUUUAUG
835,Sequence_389,seq_63085,4200.0,1.0,UUUAUUCUCAUUUUCAACUAUUUUUAUUAG
836,Sequence_409,seq_78331,7400.0,0.9375,UGAAUUAUUGCAAAAUGUCUGAUUUUCCUUUUUAAUAACUAUG
837,Sequence_231,seq_134143,6900.0,1.0,AUUUGUCUCAUUUUUUUUCUUUUCCCUAUG
838,Sequence_170,seq_123502,740.0,1.0,ACAUUUAUACUUUCUUUAAAAUACUUUUAUUCUU
839,Sequence_53,seq_46164,3300.0,1.0,ACUAUUUUCUUAAUUUUUUUCCAAUACU
840,Sequence_742,seq_168675,3700.0,1.0,AAUUUUAUUCUCCAUAUUUUUAUUUAUUUG
841,Sequence_619,seq_13326,6700.0,1.0,AUACCUCGUUACCUUAAAUAUUUCUUUUUAAAAAUUAAAUAUUG
842,Sequence_230,seq_39889,4700.0,1.0,AUUGCACUAAUUCUAUUUUUAUUUACUAG
843,Sequence_953,seq_27937,5300.0,1.0,GCCCUAUUAUUUCUAUUUUUUUAUUUAUGG
844,Sequence_23,seq_138443,4000.0,1.0,UAUUUUACCCUUCCUUUUUCAAACG
845,Sequence_540,seq_66300,3300.0,1.0,CAUCUACAAUACUAUCUCA
846,Sequence_995,seq_154931,6900.0,1.0,UUACACACAUUGUGGUUUUUUUUUUUAAUCCUAUUUUUUUUCCUGUUAG
847,Sequence_426,seq_147848,9000.0,1.0,UUGCAUUUUAAUUUUCUUUCUUCUUAUUUGUUUG
848,Sequence_747,seq_115980,1800.0,1.0,ACAUUAACAAAUUUCUCAAUUAAGUAUG
849,Sequence_756,seq_165793,3200.0,1.0,CUUUUAUUUACAACCAACUUUUCUUUCUCUG
850,Sequence_236,seq_63920,4400.0,1.0,UUUCUUCUCUCUUUUUCCUAAAUUUUAUAUUCAAUUUUG
851,Sequence_206,seq_69000,2200.0,1.0,AUUCUUAAACUUAUUUUCUCCCUAUUG
852,Sequence_469,seq_161696,4300.0,0.8823529411764706,CAGCUAUACUUGGUCUUCAACAUCUCAAUCGACUUACAUCCUG
853,Sequence_211,seq_66767,2800.0,1.0,AACUUAUAUAUGGUCCAAAGUUAAUUAUACACGGUG
854,Sequence_378,seq_62161,5800.0,1.0,CAUCUACCACAUCCAUUUCUUUUUCUUUG
855,Sequence_35,seq_95706,2700.0,1.0,UUGAUCCUCAUUACCUUUUUAUUUACAUAAG
856,Sequence_483,seq_171454,5000.0,0.9,UUCUAUUUUACUCUCUUAUAAUAAAAUAUCUGAAAAAUUCUCAGAACCGCUUAUUAUUACUCCUG
857,Sequence_283,seq_171447,3800.0,1.0,CAAAAAAAUUUUCUUCUUAUAAAAUUUAUUUUCAAU
858,Sequence_435,seq_68719,7400.0,1.0,CAUCAGAUUUCCUUCUUUAUUUUUAAAUAAUUUUUCUUACAUCUA
859,Sequence_303,seq_19056,2500.0,1.0,UCACUACUUCACUUAUUACAUUAUAUAUUUA
860,Sequence_200,seq_109650,4700.0,1.0,CUCUAUCUUUCAUUUACUACCCCAAG
861,Sequence_874,seq_63671,8800.0,0.9375,CUAUUUCUGAAUAUUCCAAAAUUAAUUAUUAUCUGUUUUCUC
862,Sequence_547,seq_29171,6000.0,0.9333333333333333,AAUUUCUCCAUGCCAACUUUGGGGACCAUAUUACUCCUCUGAUUG
863,Sequence_675,seq_108746,1200.0,1.0,UUCUUUUUUUUAAAAACUUAUUCUUUCCA
864,Sequence_300,seq_105551,3100.0,1.0,CAACUUACAAUAACAUUUUAUUUAUACUUUUAUAAG
865,Sequence_944,seq_89475,3500.0,0.8823529411764706,GCUUUCUAAAUUUUAUUUAGCAGAAUUGACACCUGACUAACUUUUGCAUUGAAAUCUCUGG
866,Sequence_368,seq_144602,1900.0,1.0,UUUUCAUUUUACUAUUCCAUUUAAAU
867,Sequence_721,seq_16223,5000.0,1.0,AUUCCAUAGUUUUCUUCAAUACUUAAACCUGUGUCG
868,Sequence_699,seq_39715,2400.0,1.0,UUCAUACUCUAACUCACAUAUUUUUUUUUAAACUAAG
869,Sequence_64,seq_147219,7100.0,1.0,UCCAUUUUUAUUCUUUCAUUAUUUCAUUUUUAUUA
870,Sequence_472,seq_67339,10000.0,1.0,AUCAUCUUCAUAUUCUAAUUAAUAACAAAGAUUG
871,Sequence_215,seq_86575,5100.0,1.0,UCUAAAUAUUUUUCUUUUUCCUCCAAAUCAACUAUU
872,Sequence_463,seq_122192,2700.0,1.0,UAUUUUAAACUCUUUAUAUUCUUUAAUUAG
873,Sequence_624,seq_113768,5000.0,1.0,UAUAUUAUUUCACUACCUCUUUUUUUUUCCAUG
874,Sequence_865,seq_108761,5600.0,1.0,AAUAUCUUUUAUUUUAUUUUUCCUUG
875,Sequence_621,seq_98217,1100.0,0.9375,UCAUAUACUAAACACUUCUCCUUGCCUCCUG
876,Sequence_897,seq_155765,790.0,1.0,CCAAAAAAAUUCUUUUUCCCUAUUUUCA
877,Sequence_60,seq_126284,5600.0,1.0,UUUCUUUUAUAUAAUACUACCAUU
878,Sequence_433,seq_3587,2800.0,0.8823529411764706,ACUACUAAUCUCAUCCCUAGCCUAGCUAUUUUAAUUGAUCUUUUAUUCUCUUUUAAUUCUUG
879,Sequence_20,seq_49714,2900.0,1.0,UUUUCACUUCUUUAAAUUUUUCAAAAUAUAAUCA
880,Sequence_354,seq_74886,8600.0,1.0,CAUAUACACAAGUUAUCAUAAUAUACCCAAAAUAUUAACUUCUUUAUG
881,Sequence_823,seq_63291,2700.0,1.0,ACUAUUUUAUUUUUCAUUUCUUUUUUCAU
882,Sequence_867,seq_48077,6600.0,1.0,UUCAUUCCUUCACACUAUCUUUCUG
883,Sequence_967,seq_14207,5700.0,1.0,CCAGCUCUUUUCAUUUUUACUAACAAAUUAUUUUG
884,Sequence_161,seq_102855,3500.0,0.9375,AUACAUUAUAUUAUUACAAUCUUUUUCA
885,Sequence_486,seq_90985,1300.0,1.0,AUACAACAUAAAAAACUUUUCUCACAG
886,Sequence_938,seq_100622,1300.0,1.0,AAUAUACCUUUUCCACAUAAUACUUUU
887,Sequence_76,seq_17436,7200.0,0.9411764705882353,UUUUUCUUUCUUUUUUAUUUUGGUCACUAGAAAUAUAAUCUUAUGAG
888,Sequence_918,seq_13676,2600.0,1.0,UUAUCACACUCUAUUUUUUUUUUUUUUCCUUUG
889,Sequence_19,,10000000000.0,,AAU
890,Sequence_730,seq_86246,5400.0,1.0,UUUUUUCUAAUUUCUCUUUCUAAAAUUCU
891,Sequence_713,seq_28982,1800.0,0.9333333333333333,AGGUUUCGGAGAUUAGUUUGUAGACCCGCAAACGUUAGCACA
892,Sequence_610,seq_156202,4100.0,1.0,ACUCCGGCAACUACUUUUUUUUUUUUAAUUUUCUUAAUUUUG
893,Sequence_9,seq_10403,4600.0,1.0,UUUCAUACUUAAUUUUUAAAAAUACAUUUUUAU
894,Sequence_74,seq_17317,3500.0,1.0,CAAAAAUUAAUUAUCAUUUUAAUUUAUUCAUCCCA
895,Sequence_588,seq_111052,7900.0,1.0,ACCUUUUCCUUUUUAUUGUUCUUUUCUUCCUUUUUUCAUUG
896,Sequence_338,seq_168196,5200.0,1.0,AAUCAAAUUAUUUCUCAAACAUUUUUCUUUACAAAA
897,Sequence_284,seq_132666,6200.0,0.9444444444444444,UUUUUUAAUUUAUUUCUUUUCCUUUAAAUACGUUCAUUCCAUCCUUGUCACCUGUAUUAG
898,Sequence_596,seq_75250,3300.0,1.0,CAAUAGCUUUAUGUUUAUUUCAUUACUG
899,Sequence_643,seq_17590,1600.0,1.0,UUUUAGUAAUACUUUUUUUUUCUCAGCCAG
900,Sequence_88,seq_61545,7300.0,1.0,UUCUUUCAUUUUUUUAUAUAUUCUCCAAG
901,Sequence_691,seq_39042,5900.0,0.875,UGCCUCCUCCCUCAAAGACCGUCGAUCGCGCACGGUUUCUCUG
902,Sequence_43,seq_141823,1700.0,1.0,ACUUUUUAAUCUAUAACCUUUUCAUUAAA
903,Sequence_890,seq_63187,3500.0,1.0,ACUUCACCCUUUUCUUCAUUACAUUCUCCACAA
904,Sequence_765,seq_90187,1700.0,1.0,UUCAUUUCCAUCCAUUUCUUUCUUA
905,Sequence_385,seq_14115,900.0,1.0,UUCUCAUAUUAAUUCUUCAACAAAAG
906,Sequence_593,seq_27914,5000.0,1.0,UUUUUUAUCUAAUAUCAUUUUAUUUCUUUA
907,Sequence_735,seq_122763,4400.0,1.0,CUUCUCCCAUGAACAUUUUUGGAGACAUAACAACUCAAUCCAAG
908,Sequence_501,seq_45289,7300.0,0.9411764705882353,UUUAAGUUCAUCUUAUUAAACAUUUUUAUCUUUUCAAUCACUCGUAUGAAAACAAG
909,Sequence_966,seq_78239,5000.0,0.9,CUUUUUGACUAUGUUUUCUUAAAUUCACAUUGUUUAUUUUGACUUG
910,Sequence_920,seq_26550,5800.0,1.0,UUAAUCUAUCUUUACCUUUUCUCUUUUCUUCCCUG
911,Sequence_128,seq_86120,2100.0,0.9333333333333333,ACAUAUCCUUCUCCAUGCUUAAUUUUAUAUAGAAUCGGAGGUCUAAUCCG
912,Sequence_317,seq_70486,2200.0,0.9411764705882353,UACUACAUAUAAUACAUUAAUCUUUAGCUUUAUAUU
913,Sequence_13,seq_133507,6000.0,1.0,UCUUUUAUCUCUUUCUUAUCUUAUUUUAG
914,Sequence_71,seq_17161,2300.0,1.0,CAUUUACAAAAUAUAAUUUUUAAUUG
915,Sequence_682,seq_75052,2400.0,1.0,UACAUUUUUAAUCUCAACCAAG
916,Sequence_704,seq_49618,8700.0,1.0,AAUUUUCACCUUUUAUAUUUUUCCUUUCUCCCA
917,Sequence_353,seq_164259,8000.0,1.0,CAAAUUUAAAUUUUUAAAAGCAUUUUAAAAUCAAAAUUUCAAUG
918,Sequence_722,seq_111348,5900.0,1.0,UAUUCUCAUUUCCUAUCUCAAG
919,Sequence_24,seq_42021,2500.0,1.0,AAGUUAAACCUCAUUUUUUUUUUUCAAAUGUCUUUUAUCACCG
920,Sequence_850,seq_93877,2800.0,1.0,UUUGUCUUUUACAUCUUCCUGUCUU
921,Sequence_521,seq_160784,8300.0,1.0,AUUUACCAUAAAUAACCUCCUCUUUUUUCACAG
922,Sequence_903,seq_52468,9900.0,1.0,UUAAAUAACCUAAUUAUUUCUCUAAUUUUUUG
923,Sequence_474,seq_137433,6700.0,0.8888888888888888,AAAUUCACUUGUGUUUUUUUAUCUGAUUCUUUUCAG
924,Sequence_784,seq_18737,2000.0,1.0,AAAACUUUUUACCAAACUUUAAAAUUUAUUUUCCU
925,Sequence_101,seq_106218,1100.0,1.0,AACACCUUACCCAAACUAUUUCA
926,Sequence_232,seq_24034,3100.0,1.0,CCAUAUUUUUCCUUUCAUUUGUUACACCAG
927,Sequence_420,seq_73402,4600.0,1.0,AUUAUAUUUAUUUCUCUUUAACUCUCAACA
928,Sequence_638,seq_94685,6000.0,1.0,UUCUUCUUUAACUUAAAAACAUUUUUAAG
929,Sequence_111,seq_111702,4900.0,1.0,UUAUUUAUUCUUUUAUUUUUAUUUAAACAUAUAUG
930,Sequence_533,seq_137796,3200.0,1.0,CCAACAUUUUUUUUUUUUUUCUUACCCUUCCCUUUUCCU
931,Sequence_404,seq_37804,6100.0,0.9375,UUUGUUCACUUCUCUACUACUGUAUGAUUAUAUAUUUG
932,Sequence_497,seq_134751,4300.0,1.0,AAAGAUAAAACUCUGGCAAACACAAGUUCAUUCUUUUACUUUUUAAGUGG
933,Sequence_753,seq_78346,1900.0,1.0,UUUCAUUUUCCAAUCACUUCUUAACU
934,Sequence_855,seq_46933,4900.0,1.0,UAUUUAUCUUCUACUUUUUUCUCAUAG
935,Sequence_367,seq_68873,3300.0,1.0,UUCCAUUAUUUUCUCAUCCAAUUAACUUUUCU
936,Sequence_252,seq_115721,7000.0,0.9411764705882353,UCAUAUUCCUUUUCAUUCUCGCUGGAUUCCAAAUAUAGGUCAAG
937,Sequence_237,seq_148252,4600.0,1.0,GCAUUUCUCCAACUCUUUAAAAAUAUUUUUUUCUAG
938,Sequence_873,seq_134339,6900.0,1.0,UUUGCUAAAUUCCUACUAAACUUCCUGG
939,Sequence_629,seq_163698,4800.0,1.0,UCCAUUUAUUUCUAUAUUUUUCUUUAUUUCUG
940,Sequence_470,seq_123023,2100.0,1.0,CAAAUUUAAACUUUUACCUCUUAG
941,Sequence_928,seq_47732,3500.0,1.0,UUCCCUUUUUUUCAACAUUUUUUCUUAACA
942,Sequence_587,seq_8306,7600.0,1.0,CAAAAAUAUAACUUUAAAACCAAAAAAG
943,Sequence_133,seq_53735,5600.0,1.0,UAUUUCCUUAUUUAUUUUAUUAAAAACUAAAAAA
944,Sequence_732,seq_73988,8300.0,1.0,AAUUAUUCUCUUUAUCUUCAUU
945,Sequence_68,seq_70913,4500.0,0.9473684210526315,UAUUAUUUUUAAUACUUAUCCAAAUACGCUUUAUAUAUUUAUCUCUAUAUUUUCCUUUUCAUUUG
946,Sequence_359,seq_64835,2700.0,1.0,AAAAUUUUUAUUUUCAAAAAUUUCUUAAUAUAAG
947,Sequence_901,seq_78126,880.0,1.0,AUCUAAUAAAUACCACAUUUUUUCAUUAUG
948,Sequence_923,seq_128296,6700.0,0.8823529411764706,CUACUCUCCAUGUACUUUAUUCAAGAUUUUUCGUUCUUAUCAACCCCACCUCACG
949,Sequence_304,seq_19810,7300.0,1.0,AUUUUGUUUCACUUUUAUUCCUACGUUUGAGCAUCUAAUGCU
950,Sequence_446,seq_41318,1600.0,0.7857142857142857,AUAUCUCUAGGUCCGGAUGCUCG
951,Sequence_40,seq_56486,2600.0,1.0,CAUUUCACAUACUUGUUCUCUUUUAAAACG
952,Sequence_939,seq_119464,6400.0,1.0,UUUUUUUUCCUCCCCCUAAAUCAAACUAAGUACCCG
953,Sequence_824,seq_136057,1500.0,1.0,AUCAUUGAGCGUAUUAUUUUUUUUAAAAAAAAACCUUCCCG
954,Sequence_235,seq_146197,5400.0,1.0,AUCUUCAAAAUCUUUAUUACUUUUUAA
955,Sequence_166,seq_129854,1400.0,0.9285714285714286,AGAUUAUUAAGUUUUGGACCCUGCGGUCCCCAAUUUGGCGCUUG
956,Sequence_649,seq_66499,1900.0,1.0,UAUUUAAUCUUUUUCACACAACUCUCAUUUAAUCUU
957,Sequence_425,seq_145976,1500.0,1.0,AUUACUUUUUUCAAAAUUUUACAGAGCUGACUAGGGUG
958,Sequence_138,seq_16035,6700.0,1.0,UACUAAUACAUUUCUUUAUAUUAAAAGCUAG
959,Sequence_743,seq_77541,5400.0,0.9473684210526315,ACCAAAAACACAUACUGUUUAUCCUUUAUUUUUUUUCCCACUAG
960,Sequence_479,seq_138591,11000.0,1.0,CAUUAUUUUUGUUUGAGAUUUAUCUAUAAUUUUAUUUUG
961,Sequence_473,seq_45764,7500.0,1.0,CAUAUUACCUUUUUCCAUAUUUUCUUAUAUUUUU
962,Sequence_341,seq_78597,8400.0,1.0,UUAACCAUUUUUACUAUACUUCUUCCAUUAUUUUAG
963,Sequence_754,seq_106992,3300.0,1.0,UAUACUAACAACUAAACUUUUUUG
964,Sequence_145,seq_30143,8900.0,1.0,ACUUUUCUUAACUACCUAUAUUUUUUUUUCUUUUUUG
965,Sequence_299,seq_158090,5500.0,1.0,ACAUUUACUUUUCAAAUAUAUCAUUCUUCAG
966,Sequence_344,seq_163476,6300.0,1.0,ACAUUUAAACUUUUUCUUUAAUAAAUA
967,Sequence_242,seq_8443,8400.0,1.0,AUUAGAAUUAGUGUGUAUUUUCAAAACUUUUAGUCAUUUUCUG
968,Sequence_845,seq_84466,9000.0,1.0,UUUUCACUUAUACUAUUAUAUAAUUG
969,Sequence_709,seq_128074,4200.0,0.9411764705882353,AAAUACUUUUUGUAAUAUUAAAUGUUAUAUUUGCAUUUAUGCAUUUAAAAG
970,Sequence_278,seq_148800,2900.0,1.0,UUAACAUUUUUACAUUUUCACUUUUUAUUCAGUGAUAG
971,Sequence_868,seq_136372,820.0,1.0,AUUUCCUCUCACACUUCUGUUUUUUUUUUUUUUUUUUUUUUUUUGAG
972,Sequence_977,seq_25280,1600.0,1.0,UUCACAUCUCAUUUUUAUUAAAG
973,Sequence_307,seq_101621,7900.0,1.0,CCAAAUUUUAUUUACUUUUUUAUCAUUAAAAACAAAUAUU
974,Sequence_636,seq_91898,12000.0,1.0,AUUUAUUGUUAAAAUCUAUUUCUUUUUCUUUUGUAUG
975,Sequence_708,seq_53576,2900.0,1.0,ACUAAAAAACCAAAUAAUUUACACACUG
976,Sequence_228,seq_29570,5200.0,0.9375,ACUCUAUUGGCUUUUUCGUCAACUUCAUAUUAAUG
977,Sequence_348,seq_134613,4800.0,1.0,UAACAAUUCCUAUUUUUUUCCCGUUUUUGGUUUUCAUAUUCG
978,Sequence_971,seq_68604,7100.0,1.0,UUUUAUAUAUUAUAAUUUAUUUAAACAUAAAG
979,Sequence_814,seq_156243,5500.0,1.0,UCUUAUCUACUAUUUAAUUCCUCA
980,Sequence_309,seq_5149,2000.0,1.0,CCAAAAAAUGAACUAUCUCUAAACCCACAG
981,Sequence_153,seq_96673,1900.0,1.0,CCUUUUAUUUUCAUCACUAUAAG
982,Sequence_416,seq_96772,5800.0,1.0,CUUAAAGUUUUAUUUUUUUCACCCAUUCAGUUUGCUUG
983,Sequence_270,seq_103807,1100.0,1.0,AGUCUGUACAAUUUUUUAAAACCCAAAG
984,Sequence_707,seq_43317,3600.0,0.9333333333333333,UCUUUUAUAAUUUAUGUUUCCUUAUACUUUG
985,Sequence_872,seq_159183,4700.0,1.0,CUUAAUCUACAACAUUACUAUCUCUAG
986,Sequence_769,seq_20891,3900.0,0.9444444444444444,UUCUAAUUAUCUUUUUUUCACUCUCUCACUUUU
987,Sequence_306,seq_46927,4700.0,0.8636363636363636,CUCACCCGCCUGUUUUGCCAUCUCUCCUACCCAGGCCUCCCCG
988,Sequence_862,seq_138044,5300.0,1.0,UUUUCUAUUAUUUACCUUUUUCACAG
989,Sequence_608,seq_36757,9400.0,1.0,UUAAAAAUGUUACACAUUACAUAUACUCUUUCUG
990,Sequence_618,seq_60961,4700.0,1.0,UUAUAUCUUAUUCUAAUACUUAUAAAUUG
991,Sequence_946,seq_125500,10000.0,1.0,UCUAUAAUAAAAUUAUUCAAUUACUG
992,Sequence_889,seq_116720,4200.0,1.0,UUUUUCUUUUCAAUUAUAAAAAAA
993,Sequence_399,seq_153116,4700.0,1.0,AAAUUACUAUUCAUCUUUAAUUG
994,Sequence_570,seq_53383,4800.0,1.0,UUCCUUAAUUUACUUUAUAACAUUCCUUACCA
995,Sequence_782,seq_14741,6300.0,1.0,CUGUCCAUAAUAAUAUCAUGUUAUUUCACAUG
996,Sequence_637,seq_111162,2300.0,1.0,UCAAUUUUAAUUUUCCAAAUUAUUACAU
997,Sequence_866,seq_83338,2800.0,1.0,UUUUAUUUUUAUUAAAAAUCUUAAUUCUUUAGUAG
998,Sequence_688,seq_34143,1400.0,1.0,AUACCUCUUCCACUUUUCUUCCUACCAAUG
999,Sequence_762,seq_68199,2200.0,0.8333333333333334,AACCACGUCUUGUCAGCUUAUUCUCAAUCUGAACACACUGCACGAGCCUGGACG
