,Query,Hit_Sequence,E-value,Identity,Query_Sequence,score,
0,sample_0,chr17:74768169-74768224(+),530,0.8571428571428571,CCUCCUGGCCGCCCUGGUGAGCCCU,0.7320926636681013,
1,sample_1,,10000000000,,GAUUUUGUUCUCGUUCAGGAGA,0.4359795703781908,
2,sample_2,chr21:45477907-45477952(+),21,0.8333333333333334,CCCAGGCCCCCCGCAGGACCCCCAGGCCCCCCGGAGAGGGGAGGCCCCCCCACCCCCUCGGGGCCC,0.7721351601376223,
3,sample_3,,10000000000,,CCGGUGCACCUGGAAAAGCUAAAGUCAAGGAGAA,0.6619263080681197,
4,sample_4,,10000000000,,GGACCGGCAAGGAGCUUUAACUGGCCGAGUAGCAUGGACCU,0.8452018324725442,
5,sample_5,chr15:90957605-90957675(+),48,0.8181818181818182,CAGCUUGGAGGCCGAGCUGGUGCCUCU,0.7587170130625869,
6,sample_6,,10000000000,,GGACCUAAGCCGAGGGGGCGGG,0.6560035989084008,
7,sample_7,,10000000000,,GAGGUGCACCUGGUUGAACGAC,0.687391339,
8,sample_8,,10000000000,,CGAGCUUCUUGUUCUU,0.4208098854399558,
9,sample_9,,10000000000,,CCGGUUCAGGUUAGCGAGCAAGUCCAAGGUCGCCCGCCCCCCGGCGGCGACGGCGAGC,0.7262967286634372,
10,sample_10,,10000000000,,CCAGCUGCUUCGCCAG,0.519470197,
11,sample_11,chr1:86915189-86915234(+),130,0.9090909090909092,AGCUGGCCGAGGAGGCUCCGCCGCCGUGCGCGG,0.9308439184038924,
12,sample_12,chr17:42227636-42227669(-),24,0.8214285714285714,AAAGGAGAUCCACAGGAAAACAGUUGGGCCACACAG,0.7574239777834284,
13,sample_13,chr22:31187167-31187218(+),3.8,0.9130434782608696,GGAGCUGAGGGCAGGACAGCACUCG,0.8856525434147647,
14,sample_14,chr9:95085613-95085664(+),9.1,0.8076923076923077,GGUGGUCCUGGAGGCAGUGAGUCCACUUGGGACA,0.7831029717911608,
15,sample_15,chr6:35318316-35318360(+),79,0.782608696,CCGGAGGUGCUUCAGGAGCUGGCGCCGCAGC,0.8908881109840926,
16,sample_16,,10000000000,,AGGAGACCCUGAAGCCUU,0.8143918135944587,
17,sample_17,chr2:229804161-229804206(-),26,0.7419354838709677,UCAGAAGGCUUUAUGGGGAGGUGGUGAGGCCAGCUUAUGGAAGAGGUUCUGCAUCUUCAGG,0.6453028511070714,
18,sample_18,,10000000000,,GCCCCGAGGUCCAGCGCCCCGAGGUCCAGCGCGGGCCCCGGCGGGCUCCGGCGGGC,0.8826755635094765,
19,sample_19,chr16:3020504-3020550(+),340,0.8,GGGGCCGGGGAACCCCCGGCUCGGGGGCGGGUGCAG,0.6678295497589474,
20,sample_20,chr9:124771161-124771220(-),97,0.8275862068965517,CGAUGCCGAGCGGGUCGUCGGCGUCGUGGUCGACGCGGUCGUCGUCCUGA,0.9665152012230432,
21,sample_21,,10000000000,,GCUGCAGGCUUUAGCGCAGACAAAGAAACAUGGU,0.2815827036289397,
22,sample_22,,10000000000,,GAUCAUGUAAAAAAGCAUCGGC,0.2124871924500215,
23,sample_23,,10000000000,,CGCCACUCGACUAGUCGAGUGA,0.6905507661929629,
24,sample_24,,10000000000,,CGGUGGCCCCGGUUCAGG,0.6049519391353665,
25,sample_25,,10000000000,,GCACCAGGUUCAAGGACAUGGACGCCUGGUUGUCCAGGAUCUGG,0.8991382315480376,
26,sample_26,chr4:18021683-18021747(-),46,0.7428571428571429,GGCUGCAAGAGCUUCGCCGCUGCCGGCGCCGCUCCCCCCGCAG,0.7319215006028547,
27,sample_27,,10000000000,,GGAGGAGAUCCGGCACUCGUCCCCCCUGGUCCUGG,0.8202653613022934,
28,sample_28,,10000000000,,GAGUGAGAAGGGAAGCCAA,0.7533386691552904,
29,sample_29,,10000000000,,AGCAAGUUGCCGACCUGGA,0.7066194173448506,
30,sample_30,chr17:42337753-42337805(-),210,0.7272727272727273,GCGGCGGGAGCUUCUGGUCCAGCGGG,0.7991159755013505,
31,sample_31,,10000000000,,CCGCUGUGCCGGCCCGUGCU,0.6678995870239707,
32,sample_32,,10000000000,,GCCGGGAGCCCGACUGCCCCGAGGGU,0.8361791615248786,
33,sample_33,,10000000000,,GUGUGAGUGAACGAGC,0.6312337171445865,
34,sample_34,,10000000000,,UCCAGGAUCACCGGCGGCAC,0.8609282308368977,
35,sample_35,,10000000000,,CGGAGCAGUGUGAACGCCAGG,0.8117963020240117,
36,sample_36,,10000000000,,AGGAUCUUGGUCUUGGGAAUCCUGUUCCUUUAGGACCAGGUUC,0.7348947347141336,
37,sample_37,,10000000000,,GGCUGAUGGCAAGGCAGGAGGAAU,0.8778261412723714,
38,sample_38,,10000000000,,CCGGGGAAGGAAGGGCCCCGCUCCCAC,0.7830697097130312,
39,sample_39,chr1:98661845-98661912(+),45,0.7666666666666667,GGAGGGGGCUCCUGGAAGUGGUUGAGGACGAGGCCGAGC,0.9276865306545512,
40,sample_40,chr19:1383911-1383948(+),35,0.875,GCCGGGAGCCCGACUGCACCGCCAUCUUCGCCAUCUUCGCCG,0.8506633804470073,
41,sample_41,,10000000000,,GCCCGCCAGCGCCUGCCCAC,0.5658486775886167,
42,sample_42,,10000000000,,GUCUCGUCUAGCAGAU,0.4967953846430254,
43,sample_43,,10000000000,,AGCUGGCCCCUCUGGCUGAGGCGAGGUUC,0.7412214489700704,
44,sample_44,chr16:23148739-23148801(-),2100,0.7352941176470589,CCCACUUGGAGCGCCGCUCGAGGCCCCGGGCCGCUCCGCCUGCGCCGGGCCGAGCCGCC,0.9470223072433108,
45,sample_45,,10000000000,,AGGUGUUUCACUGAGGGAAAAGGGGAACCCGGGAUUUAGU,0.4782792567834475,
46,sample_46,"6903;chr19,54695596,54695653,+",28,0.8,AAGGGUUCAGGAGCAGAGCGUCUCGCU,0.7791606746748893,
47,sample_47,,10000000000,,AAAGGUAAAUCAAGUAGACAU,0.232253287,
48,sample_48,,10000000000,,UCCUGGUUGAUCUGCGCCACGAACUCCAUG,0.5499966870897324,
49,sample_49,chr7:151069943-151070015(+),5.1,0.8695652173913043,GGCUGCACCAGGACCAGCAGACCCUG,0.8808564806757819,
50,sample_50,chr19:48619135-48619176(-),25,0.9523809523809524,AGGACCUGGCCGAGCAGGCGGCCAGCGCCGGCUCCGCC,0.9466047578786032,
51,sample_51,,10000000000,,UGGCCGUGUCCCCGCAG,0.5746144056104032,
52,sample_52,,10000000000,,GGCAACACCGGGCAGGACCUGUGCGGACGUGAGGCCCACCUG,0.9168965993509068,
53,sample_53,"7227;chr2,74683307,74683348,+",120,0.8695652173913043,GUGGAAGCCCUGGAAAAGGUGGAGGGCCUA,0.8555230764723721,
54,sample_54,chr1:2561681-2561722(+),78,0.8148148148148148,AAGGCUGCAGCCAGGACCAGUAGCUCCUGUGGAGA,0.7803083604911204,
55,sample_55,chr22:50170779-50170853(+),610,0.7931034482758621,GUCGGCCAGGUCGUCCGCCUGGCCGUCCGGCGCCGA,0.8707617241829285,
56,sample_56,,10000000000,,UCCUUGAGCGGCGGUUGGCCGGAGGGCCUGGCCGCUGUUCCCCCAGCGCCUCGGGGCCGCCGGGAUGGAGGGCG,0.8554295475074241,
57,sample_57,,10000000000,,AGGAGACCCUCAUGGAACGGCAG,0.9039504352229156,
58,sample_58,,10000000000,,GUCAUGGGGGAGAGAUGAGGGGCCGGUUCAGGAG,0.7701712914781575,
59,sample_59,,10000000000,,GGCUUUAGCGCGGUGGUCCCACCUGACCCCAUGCCGAACCC,0.3832331360032783,
60,sample_60,,10000000000,,GCACUGGCUUUGCCAGGUUCAGGGGAAAAUGA,0.5368721844347908,
61,sample_61,,10000000000,,GUGGUUGAUUAUGAGAAAGA,0.2219734180152101,
62,sample_62,,10000000000,,CGCACUAGACGGAAGCAC,0.8271915882776205,
63,sample_63,,10000000000,,CUCUGAGCCCCUGGAGGGCAGC,0.6839554093929804,
64,sample_64,,10000000000,,CCCACCUGCCAGGACCGGCUCCGCC,0.8659366095703419,
65,sample_65,chr9:35072413-35072466(-),33,0.8571428571428571,UCCUGGAAGAGCCGCACCCCGUCCCCGUCCCCGG,0.8326642259944979,
66,sample_66,,10000000000,,CCACUGUGUGCUGGGGAGAAGCCCCAC,0.6919383349940986,
67,sample_67,chr5:14461154-14461197(+),180,0.75,GAUCGGCGGCUCGUCGACGACGCGGCCGACCGGCACGCGGAC,0.9881808170730144,
68,sample_68,chr19:45064107-45064174(+),71,0.8947368421052632,GCCGCCAAGGGGAGCCGCAGCCGCUGCCGGAGGAGU,0.9045527753010352,
69,sample_69,chr7:43583135-43583197(+),190,0.8214285714285714,GCUGGAGGGCCUGGCCCCGCCCCCGGCUCCGAC,0.7601122251291769,
70,sample_70,,10000000000,,GAGCUUCACCAACUCCAUGGAUCUGAAGAAUGGAAAAGG,0.8896911126837576,
71,sample_71,,10000000000,,CCUCUCAAGGUAGGUG,0.3767118384529485,
72,sample_72,,10000000000,,CGCACCGGCCCCGGGAG,0.665274365,
73,sample_73,,10000000000,,UCAGGCAGGUACAAGAGAUCCUAGAACU,0.4495361343168703,
74,sample_74,,10000000000,,CGAGCGCCAAACGGAGCG,0.8794862194285301,
75,sample_75,,10000000000,,CCCACACGUCCUCCCCAAAGGUGA,0.3697570622021358,
76,sample_76,,10000000000,,CAAGGCAAGGACCAUUCCC,0.7651444184410601,
77,sample_77,chr1:9235009-9235076(+),720,0.8333333333333334,UGGUCCGCCGCUCCCGGAAGAGCGGGCUGCGCGUCCGCCGGGGCCGG,0.9533214225257036,
78,sample_78,,10000000000,,CGCUCCACUAGGCCAGGACCGCC,0.8602416609715527,
79,sample_79,,10000000000,,AAUGGAGGGAGGUGAUGGCAAGGCAUCACCGGCAAGGUCACGACCAUGAUCGAG,0.784229554,
80,sample_80,,10000000000,,GGAAGCCGUGAACGAGCUGU,0.8854137485639896,
81,sample_81,,10000000000,,GGCGGCGGCGGCCCCAGGUCCCUGGCUGGCGCCGGAG,0.7418485059857859,
82,sample_82,,10000000000,,GCUGACCCUGGAGGCUCAGAGAGGGUGGUCCCCGUGGUGUGCCUGG,0.6943891583979472,
83,sample_83,,10000000000,,UGGCCGAUGAGGUCCACGUCGAGGGCG,0.912893426,
84,sample_84,,10000000000,,GGUGGCAGCUUUAUCAGG,0.2636993972789385,
85,sample_85,,10000000000,,GCAGAUACUCAGGGAGGUUGA,0.5940931473518166,
86,sample_86,,10000000000,,AAAGCUUGGCGGUCCUUCAAGAGCUGCA,0.4914998518848779,
87,sample_87,"15178;chr10,98346679,98346729,-",100,0.7916666666666666,AGGCCGUCCGCGCCCUGUGGAAGGGGAUCG,0.8868996528566686,
88,sample_88,,10000000000,,GGAAGAUGAGACCGAGGCCCCUGCUGGCCCCCCCCCGGGCCCCGCCAACCCCAA,0.8541426739339705,
89,sample_89,,10000000000,,GGAUCUUGAGGUGGAAUGA,0.8071022502369469,
90,sample_90,,10000000000,,GCUUGUGUUUCUGUUUCUCU,0.095220394,
91,sample_91,chr21:32771561-32771616(-),1.2,0.7777777777777778,GGUGGCUGAGGAGGAGGCGGCGCCGCUGCCGCCGCUGCCGCCGCC,0.9492880515654496,
92,sample_92,chr11:62667647-62667698(-),13,0.8387096774193549,GGAGGUGUUGCACUUGGGGCAGGACCAGGCCGAGGAGAUGCUGCUAAUU,0.8449487428488154,
93,sample_93,chr5:1056663-1056700(-),73,0.7241379310344828,UCCUGGUUGCCGAGGACGACGCCUCCUUCACCUACACCU,0.8537607680278242,
94,sample_94,,10000000000,,UGGAAGAGCUAGAAGAACAAUA,0.8716480456045949,
95,sample_95,chr1:186326189-186326239(-),530,0.9375,AAAUUUGGAUGGUAGAAGGGAAAAUGAAGAAGAUGAUGAUG,0.9564274997309158,
96,sample_96,chr11:71198653-71198688(-),89,0.7096774193548387,AGGAUCAAGACGAGAUCCGCUUCUACGUCGGCCGCUGA,0.922337565,
97,sample_97,,10000000000,,AGCGGGUGGCCGAGCCAG,0.6750580677032717,
98,sample_98,,10000000000,,UGGACGAGGUGGUUGCCCGGG,0.8809927537820584,
99,sample_99,,10000000000,,CCGGCACCAGGUUCUCCUGGU,0.5819919282714319,
100,sample_100,chr22:50170779-50170853(+),270,0.7419354838709677,GCAGCGGGAGGUGAUGCCGCCGGCCCCGCACAGCGAGGGCGACCUGGU,0.8729176287536063,
101,sample_101,,10000000000,,CUGGUUGCCGAGCUUGUGAGGCGGUUGG,0.56114915,
102,sample_102,,10000000000,,GAUGAUGGACACGGUG,0.8809808611899098,
103,sample_103,,10000000000,,GCCAGCACCCAGGUGGAGGCACU,0.7105002947522571,
104,sample_104,,10000000000,,GAGGAGAGCGUGCACCAGCUGC,0.8656534173500806,
105,sample_105,,10000000000,,CGGAGCGGCCGGUGGUCGCCCCGCAG,0.890694174,
106,sample_106,,10000000000,,CACACGUUGGGAAACCAGGUGG,0.6215341173499479,
107,sample_107,chr3:9391788-9391828(-),400,0.8888888888888888,AGGUGUGGAACCUGGAAGAG,0.912853551,
108,sample_108,chr17:44199518-44199588(-),640,0.875,CGGAGGGCCGCCUCUCCCGGCGGCGGCCGCCGUC,0.7396178965638828,
109,sample_109,chr5:150379348-150379408(+),1400,0.8,CGGGGCCAAAGGAGCAGUAAGGAGGAG,0.7969821492369241,
110,sample_110,,10000000000,,AGCUGGCCGCCCGCCGCU,0.6826061322912135,
111,sample_111,,10000000000,,CGCGGCAGAGCGUCCGGGCCGACGAC,0.9216485882468454,
112,sample_112,,10000000000,,UCCAGCGCCGCAUCACCAUC,0.5325505262896053,
113,sample_113,,10000000000,,UGGAGGGUGACCCGCC,0.7409318136693924,
114,sample_114,,10000000000,,CGGAAGUGCACCGGGAUCGCCGCUGCCUCCUGGU,0.9322517894475528,
115,sample_115,,10000000000,,GGAGGACCUGGCUUACACUAAGCCAGAGGCCGGACCUUCA,0.826899892,
116,sample_116,,10000000000,,CCCAGGUAGGUCACGUGACCUGCGUCAUCCUCAGCACCU,0.4155526665320938,
117,sample_117,,10000000000,,CGUCCUGGAGAAGACACAAGCU,0.9101454742364866,
118,sample_118,,10000000000,,AGGGCGCCCUGGCGGCCAC,0.6422273275774126,
119,sample_119,chr1:90027565-90027605(+),9300,0.9,AGGGGAAGCAGGGGAAGCAUCGGGUCCUGCAG,0.7611683741978613,
120,sample_120,,10000000000,,UGGAAGUGGUCCGCCU,0.8175623392099501,
121,sample_121,chr22:29883248-29883291(+),420,0.7857142857142857,GGCAACUUGCCGCCCGGGAUCGGGCGGCUCAGGCGCCGCUCGGCCCCGCCCCGCG,0.8609762662201008,
122,sample_122,,10000000000,,GUCUCGAGCAAGUACAGCGGGAGCUGCAAGGACGAGCACGUCGUGGGAAGUGA,0.953731281,
123,sample_123,,10000000000,,CAAAGCUGGUUUGGAGCUGG,0.7914430039757243,
124,sample_124,,10000000000,,CAAAGCAAGCCCACCGCCUCUUCCCGCACC,0.2969707111212235,
125,sample_125,,10000000000,,GCUGGCCGAGCAGGCUCCGGCCGGC,0.8644917906946868,
126,sample_126,,10000000000,,UCAGGCUGUGUCGCUGGAAGUUG,0.7647143967736175,
127,sample_127,,10000000000,,AAGGGAGCUGUUGCUGCUUGUCCACGGAA,0.7466076160784295,
128,sample_128,,10000000000,,GGGGAACCGGGGGGCCAAAG,0.6372952301318062,
129,sample_129,,10000000000,,CGGCGCGACCAGCGCCUGGGCGG,0.8056811379995594,
130,sample_130,chr8:27614643-27614700(-),320,0.8695652173913043,GACUCGUCCGGGAGGAGCGCGCGGGCCCCGCGGCGGCCGC,0.9598596191278664,
131,sample_131,,10000000000,,CCCAAGAUCUGCUGGAUGG,0.7870425415742283,
132,sample_132,chr19:3381824-3381880(+),140,0.8333333333333334,UCCUGGUCCUCGCCCACCAGCUGGUCCUCGGACA,0.8031781924986815,
133,sample_133,,10000000000,,CGUUGCCCAGACCCGGAAGCUGACCCAGAAAAU,0.6981172850451326,
134,sample_134,,10000000000,,AAAUUGCAAAGAUCGACAU,0.5351563422390223,
135,sample_135,,10000000000,,CGCCCAGUCCCUGAGGUUGUACUGG,0.4030634605966486,
136,sample_136,,10000000000,,CAGCUUGAUCUUCAGGGAGGAUGCAGCAAGCUCU,0.7115311572145822,
137,sample_137,chr11:47186351-47186404(-),990,0.8333333333333334,AGCUGGUCCUGUGGCCAGGACCCCACUCGCCGAGCGGCCCCCACCU,0.8690763572158212,
138,sample_138,chr16:31708581-31708642(+),60,0.7777777777777778,CCCACAGGGCCUCUGGCUGCACCCCCAGCCCUC,0.3762722999658987,
139,sample_139,chr8:11802787-11802849(+),81,0.7647058823529411,GGAGGGAGGGUCUCGCCCCGGAGCCCGCAGCUGGCGCCG,0.7801200345703764,
140,sample_140,chr10:87342245-87342315(-),190,0.717948718,CGCCCAGCAGAGCGAGCGCGGUCCUGUGCGCCUGAGCCUGGUCAGGAU,0.9013307373164232,
141,sample_141,chr17:31517720-31517775(+),53,0.7407407407407407,GGGGAAGGAAGCUGUGUCGCUGGCCCCAGGUGA,0.7786490815036644,
142,sample_142,,10000000000,,UCCUGUGGAAAACUGCAGUGUG,0.7140377374483992,
143,sample_143,chr10:27127719-27127749(-),20,0.88,AGCGGAAGAAGAACAAGGAAGCAUCAAGGAGGUGCUGGCCGACGCGGCCGUGGCCGGCGCC,0.9890167461869088,
144,sample_144,chr10:50623775-50623841(-),130,0.84,CCCACACGCCCCACUCGCGCUCUCCGCCCUGCGAUCGGCUCC,0.6947931156684454,
145,sample_145,,10000000000,,CUCCACUGAGAACUGCUGGUUGAUG,0.6114622345095162,
146,sample_146,,10000000000,,AAGGGUUCAUUUGGAAAAUC,0.520861942,
147,sample_147,,10000000000,,UCCUGAUUCGGACCAUUUGCUUUC,0.5804792441217652,
148,sample_148,,10000000000,,UCCAUCUUGGCCUUCACCCUCAGCGACUGAUGUGGGGGAAUGAAGAGGUUCUA,0.7620193973514947,
149,sample_149,chr10:101694557-101694618(-),8500,0.9090909090909092,CGCAGGCCCCGCCUCCUCCCCCUGCA,0.3618758413345305,
150,sample_150,,10000000000,,CCAGGAGUAGCGGAGGCUCGCUCCGAAGAGG,0.9469992094063212,
151,sample_151,,10000000000,,CGGCGGGCUGGUCCGCCCCCGGGGCCGGGGU,0.5694095777616852,
152,sample_152,,10000000000,,CGGAGGUCCAGGUCCGCGCUCCACAGGGA,0.7963042398659851,
153,sample_153,,10000000000,,CAGCUUAUGGUCCACAGUCUCUUGGCCAGU,0.3472544953945525,
154,sample_154,"3529;chr14,23790834,23790899,+",4.1,0.717391304,CCCAGGAGAAGCCGCUGCCGGCACCGCCGCUGCUGGAGCCGCCAAAGCCGGAGCCGGAGCCCAAGCCGGAG,0.9740994514933616,
155,sample_155,,10000000000,,GGACCCCCACCUGGGCAACCUGUGGCAGUGCCAGUGGCCAUGA,0.7317963302375063,
156,sample_156,,10000000000,,AAGGAAUGGUCGAGUUGGGCCUGU,0.6983680956227395,
157,sample_157,,10000000000,,CCCACUAGCCCCUCCAGCUGGGGCGUCACGAGGAG,0.6204563874107296,
158,sample_158,,10000000000,,GCUGGGAAGUGGUUGAGGAUCUCUUUAGGGGAAUU,0.7847428847091661,
159,sample_159,,10000000000,,GGCUCGGGGGCGAGUCUGGAAGUAG,0.8030476547623422,
160,sample_160,,10000000000,,CAGCAGCCCGCCCGACC,0.6817326429989812,
161,sample_161,,10000000000,,GAGGAGCUGCACGACCCCGAG,0.904923779,
162,sample_162,,10000000000,,GCUCUGGGUGUGGGGAG,0.5570375359947759,
163,sample_163,,10000000000,,CAAGAAGUAGUGGCUUC,0.6112194468219331,
164,sample_164,,10000000000,,UGGAAAAGGAAGAAAUUAAAAUCA,0.579735028,
165,sample_165,,10000000000,,CUCUUGGUCUUGGACUGGCUGGAGGGAUCUGAGGAAGUGG,0.9498429140402804,
166,sample_166,chr16:88698999-88699047(-),15,0.8148148148148148,GUGCCCGUGCGGGCGCUGCCGGGACCGGCAGGAGCUGGAGGGCCUCA,0.9467189705537792,
167,sample_167,,10000000000,,GUGUUUCUCUCGUACA,0.337691651,
168,sample_168,,10000000000,,GUGGGAAGAUGACUGGAUCUACUGCAUCGCUCUGGUGAGGGUGAGUA,0.9134901744563848,
169,sample_169,chr1:201829203-201829262(+),260,1,CGCUUCAAGAUGGCGGCGGCGGA,0.6246075633619004,
170,sample_170,,10000000000,,CACUAGACGAAGUUCUGUGUCUCCGCCUU,0.5865138012161814,
171,sample_171,chr17:1675670-1675739(-),4.9,0.8695652173913043,GAGGAGCUGUCCCGCACCUGCACCAGUACCUGUGGCCGC,0.823216959,
172,sample_172,chr4:75514235-75514300(-),2200,0.7894736842105263,CGGAGGGGGGAGAUGGCGCCGGAUGCCGAG,0.8924770632890784,
173,sample_173,,10000000000,,AAUCUGAAAACUAAAGAUGUGGACA,0.513010209,
174,sample_174,chr2:235599375-235599430(+),160,0.8571428571428571,GGCUGGAGAAAUGGAAGCUGCAG,0.8825667961114304,
175,sample_175,chr16:4698826-4698876(-),83,0.85,CGUGGAAGCCGAGCUGGCCGACGUCGACCUGC,0.9675476755287108,
176,sample_176,chr17:81695957-81696022(+),1.7,0.8275862068965517,GCCAGCGGGAGGCAGGAGCUGCUCGAUCUGCUGGACGAGG,0.9716072611081268,
177,sample_177,chr16:737276-737329(-),5.5,0.875,GGGGAAGCUGGAGAAGGCCAAGCUCCUG,0.8524527653228952,
178,sample_178,,10000000000,,CUUCUGGAAAAGGGACUGCCCACUCUCACUUUU,0.6517960764577703,
179,sample_179,chr1:153643288-153643349(+),1800,0.8125,CGAGGGCGUGGAGGCUCU,0.7984221787808576,
180,sample_180,chr7:56078429-56078483(+),13,0.7435897435897436,GGAGGUGAUGGCGGCGGCCGGCUCGGCCUCCGGGGGGCUUCCGGGACGGCCGGAGCUGGGCGUGGGGAGAGCUA,0.955805604,
181,sample_181,chr20:63964079-63964112(-),370,0.8571428571428571,CGCGGCACCGGCACCUGCGGCCCCUC,0.7140687504115457,
182,sample_182,,10000000000,,GGAUGUGAGGAUGAGGAUCAGAGGCCCAAAAACCU,0.8706048569992793,
183,sample_183,,10000000000,,GGUGGUGAGGACUGCGA,0.8692439515857046,
184,sample_184,,10000000000,,GGAGGGGCCGGAUCUCCCCCAGU,0.7403013537729812,
185,sample_185,"6935;chr19,56201230,56201269,+",160,0.7666666666666667,GAGGAGCGGGUCCGCCGCCUGCACGAGCUGCACCGGCUCC,0.939484393,
186,sample_186,,10000000000,,GACGGAAGCAAGUGGGAAGACCU,0.9217038232486092,
187,sample_187,,10000000000,,UCUUGGACAUGGCCCUGAUUGAG,0.6467153335238527,
188,sample_188,,10000000000,,CCAGCGCCUGGAGUCACAGCCUGGACACA,0.809262442,
189,sample_189,,10000000000,,GGAAGUGGAAGAGAAUGGUCCAGGAGCGGGAGGAUCACGACACCCAGGAUAUGGC,0.9835056835801356,
190,sample_190,,10000000000,,GGAGGGGGGUCCACAUCCCCUUUCCAC,0.2680764601262316,
191,sample_191,,10000000000,,CGCUGUCCCCGGACCAGGUGCGCCGCAGGGACGCGCGCAGG,0.9402744524223944,
192,sample_192,,10000000000,,GAGACCCUCCCCCCCCAAAA,0.2905003085678438,
193,sample_193,,10000000000,,GCUUGAGGUUCUAAGGCUUCAGG,0.3884114279499009,
194,sample_194,chr6:90586768-90586817(-),1.5,0.88,GCUCUAGGAGAUCGACGACAUGGAGAUCGACAU,0.958801145,
195,sample_195,,10000000000,,GGAGGGGGCUGCGCCACU,0.6108871602626049,
196,sample_196,,10000000000,,AAAUCAAAACCAAGGAAGAAAAAG,0.5992148312699596,
197,sample_197,chr16:1316879-1316927(+),75,0.8064516129032258,AGCUUGAGGCCGAGGUGGACGGAUACCUGAGCCGCUGAUUUCUGGCACCGGCA,0.8140830482887432,
198,sample_198,chr13:99606694-99606767(+),3700,0.8387096774193549,CGCACUAGACGCGACUGUCGCCCUCCGCCGCUGCCCGACGCGCCGCCCGCCGCAGG,0.87923718,
199,sample_199,,10000000000,,UCAUGGAACGGGAGAUCCAGGGCGACGUGGAGG,0.898526225,
200,sample_200,chr18:58045095-58045161(+),9.7,0.78125,GCUGGAAAAGCUCCGGCUGGAAAAGCUCCGGCUGCUCCCGCCGCCGCCGCCCC,0.8923766431049512,
201,sample_201,chr19:54422246-54422308(+),190,0.75,CCGCGCGUCCGCGCCCCUCGGGGAGGAGCCGCCAGCGCCGCGCCCCCCGCCGGCCGCCGGAG,0.9481292719680388,
202,sample_202,,10000000000,,CUCAGGGAUCUGCUGGGAAG,0.9038871314196856,
203,sample_203,,10000000000,,CCGCUGGAGGCAGGUGGCCGUG,0.8227215190821632,
204,sample_204,,10000000000,,GGAGCAAGAGAAAGGU,0.710323061,
205,sample_205,chr1:43971037-43971063(+),860,0.9473684210526316,CGGUGGGCGGGCUGGAGGGCCGCGGCAACAGGAG,0.7958281176210975,
206,sample_206,,10000000000,,AGGUGCUAGAAAAGCUG,0.4074914214772355,
207,sample_207,,10000000000,,UCUGGGAUCUUGGCGAUCCCAGCUGUAAGGAG,0.750602455,
208,sample_208,"15024;chr10,58118401,58118448,-",9.2,0.7857142857142857,UGGUUGCCGAUUCCGACAUGGCCCCGGAGGCCGAGGCCGAGGCCGAGGCUGC,0.9252850415148226,
209,sample_209,,10000000000,,GCAGGUGGUUGGUGACCCUCCUGACAG,0.5424010560598365,
210,sample_210,,10000000000,,CAAGGCUUUGGGGGGUGCUU,0.3752207358477629,
211,sample_211,chr5:154755887-154755938(+),300,0.8518518518518519,CGGGAGGCUGAGGCGGGCGGCGGCGCGCGGAGACCCGAGAGCAGAG,0.9246245535067126,
212,sample_212,chr5:66174941-66174996(+),8.2,0.7878787878787878,AGGGGAAAGGAGCAGGAGGAGGAGAAGGGGACGUUGCGAGC,0.9675351051387237,
213,sample_213,,10000000000,,CGGAGGAGCUUCGCCGGCGGCCGCCGUCGGACCGCCGCCGCCGGGACGAGGACGG,0.9965078297776838,
214,sample_214,,10000000000,,UGGUCCGGGGAGUAUGGAAA,0.7565556152750308,
215,sample_215,,10000000000,,UGGAAGCCGAGACCCUG,0.8382115236050317,
216,sample_216,,10000000000,,AGGAGCCCGACUUUGAGGAG,0.813406892,
217,sample_217,,10000000000,,AAGGAAGCAGGUGUUUGCCCUGGAAG,0.7570267559230165,
218,sample_218,chr20:49270209-49270275(-),2.2,0.9130434782608696,GAGGUCCAGGAGAAAGGUGUUCCAGU,0.709345853,
219,sample_219,,10000000000,,GACUGAGGGGAUCUUGAGGACAGGAGGUCA,0.9012830228166364,
220,sample_220,chr20:31708004-31708048(-),74,0.8148148148148148,GCGGGAGAGUGGAGGGCCUGGAGAGCACCAACUUCUCCCU,0.6632032610723787,
221,sample_221,,10000000000,,AAAUCUUGGCGUUCUGUUUCGCAUCA,0.2371226324358375,
222,sample_222,,10000000000,,CCGCGCGUGCUGGCACCA,0.7092455209178498,
223,sample_223,,10000000000,,GAGGACCGCCGCUGGUUUAGG,0.8816834934994554,
224,sample_224,,10000000000,,CUGCUGAAGGAAGGAAAAAAUC,0.7360562024425136,
225,sample_225,,10000000000,,UCCAGGAGAUCCACAGAAAGGUCCGCCUG,0.7543700119021226,
226,sample_226,chr7:108001966-108001997(-),120,0.8,GGAGGGAGCGCCUCCUCCCCGGGAAGCC,0.8835378826727033,
227,sample_227,,10000000000,,GGUGGUUGUCUGGUUC,0.4227922281353688,
228,sample_228,chr4:2829492-2829521(+),210,0.72,UGGAAAAGCUGGAGGGAGCUUCAGGGAAG,0.8729476516431124,
229,sample_229,,10000000000,,CCUGUUUCAGGGAAGAUCCUGCAAGA,0.7350438956861028,
230,sample_230,,10000000000,,GCAGGUCCGCCUGCUGGCCGCCCAGGCCGUCGGCCCCCUGGACGAC,0.9560090150457649,
231,sample_231,chr2:71364204-71364256(+),24,0.7407407407407407,CAGGUGGAGAAGGUGAGCAGUGAGAACAUCAUGAG,0.7384688399955031,
232,sample_232,,10000000000,,GUCCACUGAAGGCUUCU,0.6486094457144859,
233,sample_233,,10000000000,,CUCUGAAUAACCCUGGGAAACCAGAGCUUU,0.4428979359796918,
234,sample_234,chr3:31981239-31981293(-),220,0.7857142857142857,UGGUCCGGGAGGUUAUGGAGAAGUCACGCGUGGUCCGGGAGGU,0.8769210305717835,
235,sample_235,,10000000000,,CUCCCCCCACCCCGUCCGCCUUUAAUCUGAAUA,0.07244846,
236,sample_236,,10000000000,,GAUGACGAGGAUCUAAUGG,0.9226108883802958,
237,sample_237,chr4:18021683-18021747(-),3.9,0.813953488,CGGCGGCGGCGGCGGCAGGAGGCGGCGGCGGCGCCGCGGCUUCUCCCCUCG,0.8424725302465824,
238,sample_238,,10000000000,,AAGAAGUAAAGAAUAAAGAAAUUUCCUUC,0.1513263430946357,
239,sample_239,chr10:62805015-62805063(+),210,0.8,GCAGAGCGUCCUGCGCCUCCGCGUGCUGGGCCCAGGCCCCGCCGC,0.7631299145269953,
240,sample_240,chr11:65966430-65966492(+),130,0.9,GCCAGCGGGAGCGGGAGCAGGUG,0.8510812534218181,
241,sample_241,,10000000000,,GAUUGGAACCCCCAGCUCUCACACGAGGAGCA,0.8545615781321241,
242,sample_242,,10000000000,,GCCUCACGACAGGCACCGGGAGGUGGUCCUGC,0.8194194096468184,
243,sample_243,,10000000000,,GGAGGGGAAAAGGAAAAAGGAGGAAAAAAGAA,0.7737497449713526,
244,sample_244,chr7:55019243-55019318(+),67,0.7777777777777778,CGCUCCGCCGCUGCCCGACGAGCUCGCGCACCGGCACCGGCUC,0.960599011,
245,sample_245,chr4:705882-705929(+),1300,0.8,GAGCCCGACUGAGGGGGGAGUGGGGGCAGCGCCCCCGCC,0.6045975881862022,
246,sample_246,,10000000000,,AGCUUGAUUGCCAGGACCAAC,0.5651642003168985,
247,sample_247,chr17:29156393-29156431(-),16,0.8695652173913043,GGCUCCUGCUUCUGGAAGCCCGCCGC,0.7682771435973026,
248,sample_248,,10000000000,,CCACUGAAUGGAAGAGUUUG,0.8018676094558844,
249,sample_249,,10000000000,,CCGCCACGGAAGCAUUUCUCGC,0.6892393753342791,
250,sample_250,chr6:149749739-149749792(+),19,0.6904761904761905,GAUCGCCGCCGCUGCCGCAGCUGCGCCGCCGCUGCCGCCGCUGCUAGUGCGCCGCGCUGGUCC,0.9132652274417118,
251,sample_251,,10000000000,,GGGGAAAGGUGCUUCUGC,0.6445230197175741,
252,sample_252,,10000000000,,GGAGGAGCAGUAAGUGUUCCUCACACUUCACACUUCACACUCCAAACUUCACACUCUGACUUU,0.1474979251491174,
253,sample_253,,10000000000,,CGGAGGUGCUGCCCGAGCUGCACCUG,0.8185818319390017,
254,sample_254,,10000000000,,AAAGCUUGCCCUCUGGCAGGUUCUCC,0.3822437303411448,
255,sample_255,,10000000000,,CUGCUGGUUGGGAAUCC,0.7233048686441821,
256,sample_256,,10000000000,,CCGCCUGGUAGCAGGGGGCGCCCCCGCGGCGGUGCCGGAGGGGAACCACCAC,0.7774430289567452,
257,sample_257,,10000000000,,AGGAGAUUGUCCUAGCCCUCAUCCAGUGGCGGUCAUGGCGGGGGCUA,0.3908004138671567,
258,sample_258,,10000000000,,GCCUGGACCCAAGGACCACAGGACGGGGGCACAGAGGCCUCGGCCGGC,0.9079235570164832,
259,sample_259,,10000000000,,CGACCUGGUUGAUCCUGCCAGUAGUGAUACGCUUGUCUAAUGAUUAAGCCAUGCAUGUGUAAGUUUAA,0.047527052,
260,sample_260,,10000000000,,AAGGGUGCAGGGCCUGAUGGCUUC,0.6134528767218218,
261,sample_261,chr11:8712627-8712687(-),230,0.7857142857142857,GGCUGGAGCCGCACACGUGGCAGGAGCGCGACGGAGA,0.9555159975361536,
262,sample_262,,10000000000,,GCUGGAGGCUGGUGAGGAGUGUGCACCCUGUA,0.8228409704604731,
263,sample_263,chr1:156420432-156420494(-),2600,0.9090909090909092,GGAGGGAGGUGCUGGAGGCGGCUGCGGGGUGGCCGAGAGCGCACGCGACCUGU,0.865070055,
264,sample_264,,10000000000,,AAUUCUGCAUCUUGUUCUGCAAGGAAGCCCUCUUGGUC,0.445379769,
265,sample_265,chr1:98661845-98661912(+),22,0.8235294117647058,GCUCGGCCCCAGCGGGGUCAGGCGGGCCGAGCGCCUCCGCCUCGUCCUCGUCCUCGUCCU,0.7387779716417653,
266,sample_266,,10000000000,,GGAGGAGAUGCUCAUAGCAACCAGGUAAUUGUAGUGCAAAAUG,0.4644484887152853,
267,sample_267,,10000000000,,GAUUUUGAGCUGCAUCUUUCAAG,0.2528461507323882,
268,sample_268,chr13:112882639-112882686(+),730,0.8888888888888888,GGUGGGAAGACAGGGCCACCUU,0.8012329122336651,
269,sample_269,,10000000000,,CCAGUAGCUCUGCUGGGUACGGUGGAACAGAAGAGCAGCCCACC,0.8754150399009373,
270,sample_270,"17622;chr15,75871516,75871557,-",140,0.95,GGCUCACGUUGUGGAGGAGCGGGAGCUGGUUA,0.8849502156329414,
271,sample_271,,10000000000,,AAGGGAGAAAAGGGGGUCUCGCUGUGUCAC,0.5836114914559544,
272,sample_272,chr11:16738888-16738960(+),300,0.7105263157894737,CGGAGCUGCUGGUGCCUGCGCCUGCUGUGGCCAGGACCUGGAGGGCCAGGGGAAAGGAUC,0.9427286826974648,
273,sample_273,,10000000000,,UGGUCCCCGUGGUCGCCCU,0.6731239985574718,
274,sample_274,,10000000000,,AGGUGCUGUUUGAACUGCAG,0.4698345295206889,
275,sample_275,,10000000000,,CCCACAGCCAGGAGCUG,0.766602496,
276,sample_276,,10000000000,,CCGCCAAGGCCAGGCCGUUAA,0.4933020569036477,
277,sample_277,,10000000000,,UCCACUGAAAUCUGGAAGUAGAAGUUU,0.6301076812633717,
278,sample_278,chr7:2631991-2632066(+),5700,1,GGGGCCUGGUCCGGCUCGGCCAAGGCU,0.659433398,
279,sample_279,,10000000000,,CUCCUGCAUCUGGACGUCCUGCCUGCCUCCUGGUUU,0.6979730856598932,
280,sample_280,chr12:46371297-46371365(-),12,0.8076923076923077,GGAGGAGUGGGGUGCACCUAGCAGUGCCCA,0.7370279023854424,
281,sample_281,"16650;chr13,22203022,22203081,-",4.4,0.75,AAGGAAGCAGGACCUUCAGGAGCUGGAGAUGUCCAGGGAACGCCUC,0.972858346,
282,sample_282,,10000000000,,CAAGGGUUUAGCUCCUGCUGA,0.330714464,
283,sample_283,chr3:88150122-88150165(+),7.7,0.75,CGUGGAAGAUCUGCAUAGGGCCAUGAUCCGCU,0.8269306095251253,
284,sample_284,chr20:61966679-61966731(-),640,0.8823529411764706,GGAGGAGCACGACUGAAUCCAGG,0.8678385674914074,
285,sample_285,,10000000000,,GGAGGGGAACCCGGAAAA,0.8500543445186676,
286,sample_286,chr1:201853049-201853102(+),140,1,AGGAGCUGGAAAAGGUA,0.884465645,
287,sample_287,chr8:13276542-13276587(-),940,0.8518518518518519,GCCUCCAAGGACUCGAGGUGGAGGGCCGCUCCGCGCGCUUUGCCGCCGGCCAGGUCC,0.930558196,
288,sample_288,,10000000000,,CACAGAAUCAGAAGAACUCAGAAUCAAAAGGAGAUUGUAACUGAGGAUUUA,0.7305126368296561,
289,sample_289,,10000000000,,AGGAGAAGAAGCCCACAGGGCCU,0.8918712984128272,
290,sample_290,,10000000000,,AAUUCAGCAGUAUUGCCAAGUGGUU,0.2392692161407324,
291,sample_291,,10000000000,,GGUGGCCGACUGGCUUCUCCAAG,0.6919150682167517,
292,sample_292,,10000000000,,AAGGCACCUGCUCAGCAGGAGUGGAAAAA,0.7329653484071644,
293,sample_293,"4705;chr16,29818882,29818926,+",79,0.8571428571428571,UGGCCGUCAUCCACUACCGCCUCGGGGAGGCAG,0.642273731,
294,sample_294,,10000000000,,GGAGGGGGCGGGUGCAGCCAAGGAGGUGGGCGGGGACGACCCCGAGCGCCGCAUCGCGCAGCU,0.905807486,
295,sample_295,chr1:1478475-1478510(+),22,0.8214285714285714,GCUGGAAAAGGAAGCUGUAUUUGGAUCCAGGAUCUGGCCCCACUCUCUCC,0.8404471360558132,
296,sample_296,chr17:36591908-36591972(+),79,0.8620689655172413,UCCAGCGCCCCCGGCGGCGGCGGCAGGAGAAUGGGCGGCCCUCCCGAGAGCCUCCA,0.836087749,
297,sample_297,,10000000000,,AGGUGGGAAGACCUGGGAG,0.8842198204237873,
298,sample_298,,10000000000,,GGGGAAAGCAGGCUCUGAG,0.6454652910686268,
299,sample_299,,10000000000,,CCAGGUGGAAAAGAAGGGUGG,0.6854467549259463,
300,sample_300,,10000000000,,CGAGUUCCAGUUCCUGCACCUGUGCG,0.489836971,
301,sample_301,,10000000000,,UCCUGCUGGCCCCACAGCCGCUGCCA,0.5693888610320581,
302,sample_302,chr4:55618991-55619024(-),58,0.8888888888888888,GAGUAGCUGGGACUAUAGG,0.6828080775468449,
303,sample_303,,10000000000,,AGGAGCUGUUCGACCUGGAGGGAGU,0.8371000574099534,
304,sample_304,,10000000000,,AAUGAAGCCUCCACAGCCAUGAGC,0.5282102118488566,
305,sample_305,,10000000000,,CGAGGUGGUCCGGCUGC,0.7684293894791865,
306,sample_306,,10000000000,,GGUGGAAGUCCUGAGCUCAUUGGGAGCUGGAGAA,0.8826323516807568,
307,sample_307,,10000000000,,CCUGGACGACCACGAGGAGCUGAUCGG,0.9760562426008008,
308,sample_308,chr19:4363372-4363428(-),25,0.78125,GGCUGGCCCCGGAUCUGGAGGGCCGGCCCGUGGUU,0.9035763400067092,
309,sample_309,"17572;chr15,72492825,72492881,-",21,0.7368421052631579,AGGUGUUCCACAUCCACCAUCUAGGCCUCCUGCAAUGGGU,0.2309859826059728,
310,sample_310,,10000000000,,CGGCGCCGGCGCGCCCACA,0.7258062777510087,
311,sample_311,,10000000000,,CCCGGCUGGCCGUGGCCGUGGUCC,0.7859041383305916,
312,sample_312,,10000000000,,AGGACCUGGGAAGACCGGCUGGAGCCUUCUGGGUGGUUGAUGAUCACC,0.9736575601427258,
313,sample_313,,10000000000,,UCUGAGACCAUCGGCUCAGGUAA,0.4688181272416806,
314,sample_314,,10000000000,,CCCGGCUGUUGCAGCUGGAAGAGCCUCCGCCACUCGUCCAGCUUC,0.8598103881628283,
315,sample_315,,10000000000,,GGUUCUGUCCCGGAGCUCGGAGGA,0.8462404161770001,
316,sample_316,,10000000000,,GGGGAAGCUGUGGGGACACGAGGU,0.8538909834729435,
317,sample_317,chr4:41935242-41935309(+),130,0.7777777777777778,GCCGCUGCUGGUGCCCUAGACCCCCUCGGGGUA,0.4652675477160753,
318,sample_318,,10000000000,,GAGAUCCACAGCCUGCACGACUAGCCCAGGAUCUCUCAGG,0.7691667066797548,
319,sample_319,,10000000000,,CAAAGUUCCGCUCCUUCUCCU,0.2431533088758666,
320,sample_320,,10000000000,,UCCUUCUGGACAACAGG,0.8288960432740141,
321,sample_321,,10000000000,,AAUGAUAGUGGAAAAAGGUU,0.4596357427157603,
322,sample_322,,10000000000,,GGCAGGUGAUGGCACA,0.6667613078872424,
323,sample_323,,10000000000,,CGUGGCCCCGGGUCCUGCGCCGCCCGCG,0.7301199973966597,
324,sample_324,,10000000000,,GGAAGUGGGCGGGGAAGUGGGCGGGGAC,0.8469225846311678,
325,sample_325,,10000000000,,AAGGGUAAUGGAGGGUGUCCCAGAGUG,0.4971989322809031,
326,sample_326,,10000000000,,AGGAGAGCGUGGUGAGGCCCACGCGGCCGUC,0.8523551481897792,
327,sample_327,,10000000000,,CCCAGGAGCGCCGGGACCUG,0.9237854048755628,
328,sample_328,,10000000000,,CCUCCUGGAAAAGCUCU,0.7411352995009712,
329,sample_329,,10000000000,,CUGGUUUAGGAGACCCACAUCCAGGUACGUAA,0.6211238082076544,
330,sample_330,chr5:14461154-14461197(+),630,0.75,AGGAGAACGUCGUGGCCGUCGGCCGGUGCGCCGCCGCUCCGCCGCAGG,0.9398525002239522,
331,sample_331,chr15:41711172-41711213(+),11,0.8846153846153846,GUGGUUGAGCUUGUGGUUGUUGUUGUUGUUGCUGCUGCUGCUGUUGUUGAAGUAAUUGUUGCUC,0.077959138,
332,sample_332,,10000000000,,UCUUUCAACUUACACUAAAAGGGGAAGGAAAAUAGUACCAGGUACUGGAAGUAAUUCAAGUACAUUU,0.06879365,
333,sample_333,,10000000000,,AGCUGGAGAAGGCUUGCCCAACA,0.7999910468521035,
334,sample_334,,10000000000,,AAGGCAGGUCCUCGUCCUGUGUCUCU,0.4319659277028359,
335,sample_335,"25750;chr9,136344152,136344196,-",180,0.7575757575757576,CCAGACCCGGAUCGCCAGUAGCUGCUGGUGGGAGCAG,0.8668098210985956,
336,sample_336,chr6:156995050-156995098(+),11,0.8947368421052632,GGUUCAGGGAGGACCUGCACCUUCUGCUUCAGGGCG,0.7683887161573557,
337,sample_337,,10000000000,,UGGAGAAGAAGACAUGGAAGGAGACACUCGAGUUCCUC,0.9669517767095166,
338,sample_338,,10000000000,,GCGGCGGCUCCAAGACGGCGGCCGAGCGCGUCCGGCGCGUCGAGGACGGCGGC,0.979442785,
339,sample_339,,10000000000,,GGGGCCACAGAGGGGUCGGGAGGAUCAGGCACCAUGUU,0.7201986804790986,
340,sample_340,,10000000000,,CCUCCACCGCCAGUGCGUCGUUCUGCAUCUUGUGG,0.4015409798794595,
341,sample_341,,10000000000,,GCAGCUGAGCGACUCGGGCUC,0.7639275874997488,
342,sample_342,chr6:82247583-82247620(-),34,0.8947368421052632,GUGGCCCCUGCGGAACCCAC,0.7944847133349083,
343,sample_343,,10000000000,,CCAGGACCGGCUCCAUGAGCUGCUGACUGU,0.8277996287203282,
344,sample_344,chr3:47425549-47425587(-),36,0.8076923076923077,GUCCGGGUCGCCCUGGUCGCCGUGGACACAGCGGU,0.8731332400329035,
345,sample_345,chr12:26332293-26332356(-),38,0.8333333333333334,AGCGCCAAGAAGACUCUGAUGAGCUGGAAGAAGAAGAA,0.9731253676940952,
346,sample_346,chr11:65111879-65111938(+),480,0.8636363636363636,GGAGGUGGCCCCGCGGCGCCUGCGCCGCGGGUCGGGGAAGGCGGC,0.8850369541662317,
347,sample_347,chr19:3534446-3534492(+),1.9,0.8148148148148148,CCAGAUCCUGCAUGAGCUGGAGAAGGGACCCUGAGGUUUAGG,0.7845971827360579,
348,sample_348,chr17:78205618-78205661(+),130,0.7941176470588235,CGCCUCCACCGGCUCCGCCUGCACCUCCACCUUCAGCUUAGAAA,0.2003077439670764,
349,sample_349,chr5:105392509-105392544(-),380,0.7419354838709677,CAGGACCUACAGCUGAGGGCUGCCCGACCAGUCUGGUCCAUCAUG,0.7877661820512959,
350,sample_350,chr21:26021962-26022034(-),4700,0.8571428571428571,GCAGCGGAAAAAGAAGAAGACACUCU,0.9147323873756472,
351,sample_351,,10000000000,,GAGCGGGUGCAUCGGG,0.6728806160623192,
352,sample_352,chr4:139301683-139301735(+),37,0.8461538461538461,GCUUGCCGAGCGUCUGGCCGGCCGCCGCCGCUGCUGUCAGC,0.8748852049494488,
353,sample_353,,10000000000,,GUGGUUGUUGAUCUUUA,0.2205191783156812,
354,sample_354,chr7:151007171-151007242(+),94,0.7222222222222222,CGCGGCGGCGGCUCGGCCGCUCAGGGAGCGGCCGCUGGAGCCGGGCCGAGGAGCGGCGCUCGGCCGCC,0.9892063186806636,
355,sample_355,,10000000000,,GCCCUCGGCCGGCCCGAGCCU,0.7519034092320009,
356,sample_356,,10000000000,,CGGCUCUUGGGAAGGAAGGCACUAGUGAU,0.6936695631494152,
357,sample_357,,10000000000,,CAACCCUGUCCCAGCUCCCU,0.3015755151648545,
358,sample_358,,10000000000,,UCCUUGAUUGGCUGCA,0.3027120766367228,
359,sample_359,,10000000000,,GCUGUUCCAAUCCAGGUGCUUCAUU,0.3428309031657642,
360,sample_360,chr17:82050438-82050506(-),2.5,0.75,GGUUCUUGUUCACCAGCUUCACCAGCAAGGACGUCGACCUGCGCCGCGGCUCCUGGCUGGAGGGCCGCG,0.839096725,
361,sample_361,,10000000000,,GGACCUUCUGUUCCAC,0.700155493,
362,sample_362,,10000000000,,CGUGUCCCGGCCCGACU,0.6366603177787313,
363,sample_363,,10000000000,,GUGUCCCAGUGGAAGGGUGGAUCCU,0.8209051025007115,
364,sample_364,,10000000000,,GACCGGGUGGAGCCAGGA,0.8577002430195086,
365,sample_365,,10000000000,,GGUGGUCGUGGUUGCUCUCGUGCACCUUCAAG,0.4671865119492328,
366,sample_366,,10000000000,,CGGAGCGCCUCUCGCCCCGGCGGGAUC,0.8832918350343485,
367,sample_367,,10000000000,,GAUGAGGAGAUUGUCUUGGCCUUCUUUAGGA,0.6536741565658968,
368,sample_368,,10000000000,,GUGUUUGUUCUUGUUCUUUAGCUCU,0.063343811,
369,sample_369,,10000000000,,GCCGCCGGGAUCUGGAUCCAGCGCCUGGUGCCUGACCC,0.8637341149022442,
370,sample_370,,10000000000,,GGAGGUGGAGAGCCCUCAGGGAGC,0.8034757255115358,
371,sample_371,,10000000000,,CCAGGAUCUGGCCGUGC,0.8710368660765804,
372,sample_372,,10000000000,,UCCAGGUGGCCGUGGAGGUCCAGCAGAGGGCACUGAGUGCU,0.7320707616007258,
373,sample_373,,10000000000,,GCCACUGAAUCCUGCUUA,0.3407587960195923,
374,sample_374,,10000000000,,AGCGGAAGGGAGAGAAGAGAGUG,0.9102254420556868,
375,sample_375,,10000000000,,UGGGAAGACUCACUGCUA,0.822630182,
376,sample_376,,10000000000,,CCAGGUGGUGGCGGUGCUUCCCGUGUAUA,0.4589208040095693,
377,sample_377,,10000000000,,GCACCCCCUCUAGGACAUGCCCCCUGUACCUGUA,0.533035513,
378,sample_378,chr12:62404276-62404311(+),11,0.8,GCUGCUUCAUGUGGCACUGGCAUCUAAUUGGAGCUCCCAGAAGAG,0.8342456260109831,
379,sample_379,,10000000000,,GGCAGUAGCAGCAAGUUCUGG,0.4230977570287756,
380,sample_380,,10000000000,,CUGGACGUGUACGUGGCGGUG,0.8561684611848458,
381,sample_381,,10000000000,,GCACAGGAAGGAAAAUCGAAGGCAA,0.857620473,
382,sample_382,chr3:149626829-149626881(-),12,0.8148148148148148,GGAGGAGCUGCAAGGUGGCCCCAGGAGGGCCGCUGUACCAG,0.8501872072860738,
383,sample_383,,10000000000,,CGCCUUCACCGCCACCU,0.4314773793281183,
384,sample_384,,10000000000,,CAAUCUGGCUUCUGGUCCU,0.5557669440444569,
385,sample_385,,10000000000,,GUGACCCGGGUUAUCGG,0.4973973657762655,
386,sample_386,chr5:149504680-149504709(-),12,0.8148148148148148,GCUGGAGAAGGGGUGUUUCAUUGGCAAGGACUGGCUGCUGACUC,0.7950879570717462,
387,sample_387,,10000000000,,CCCAGGAGUUCCUCCAGAGCGUCAGCAAGAAGAAAGAGUCCAAAAAC,0.6725922245187118,
388,sample_388,,10000000000,,GCAGGUCCAGGGGGCAGCGCCCCCCCC,0.4598327563013142,
389,sample_389,,10000000000,,CGACUCGGAGAUCCCCACCAGGAG,0.8726716857369999,
390,sample_390,,10000000000,,AAAGCUUGGCGUUGAGC,0.3850051363032475,
391,sample_391,chr19:18852141-18852216(+),11,0.8695652173913043,CCGCGGCAGGUGGACGUGCUGCGGCUGCCAGAAGACCCUGAAGCU,0.9745237851754652,
392,sample_392,,10000000000,,CAGCAAGUUCAACAGGUGCUUGUAGUUA,0.2295509398431663,
393,sample_393,,10000000000,,GCUGGAGAAGGAAGGCUGG,0.9106472095886032,
394,sample_394,chr2:241702485-241702533(+),2700,0.75,CGAGGCCCCUCGGCCGGGCGCCCCGCGGCAGGUGCGCGCCCG,0.8783962296891215,
395,sample_395,,10000000000,,AGGAUCUAGUGUGGAAUAGGGGCA,0.6368569653376599,
396,sample_396,,10000000000,,CCUCUGUCAGGAGCUU,0.7334350096908893,
397,sample_397,,10000000000,,GCCGCAGCGCCGCGCUCGGCCCCGAC,0.8387298200662467,
398,sample_398,chr3:31683381-31683446(-),350,0.9333333333333332,AGGUUCAGGUGGGAAGU,0.7084657559992367,
399,sample_399,,10000000000,,GGAAGUGUGGCCGCAGCAG,0.7729026108036761,
400,sample_400,,10000000000,,CAGGUUCUCCAUCUCCCCGC,0.3824873088304154,
401,sample_401,,10000000000,,GCUGCUGAGGCCGGUGCUGGCCCCAAGGAAUCAGCCCCAGGGGACAGCCAGUGGAAAGGACCAGC,0.9073552496810008,
402,sample_402,,10000000000,,CAAGGGGACUUUUUGGUUUGGCGAUCAAGCAGUGCCC,0.6023472564916105,
403,sample_403,chr12:131941704-131941763(+),110,0.85,AGCAAGAUGGACUUGGCCUGGUCCAGGUUAGAC,0.7810993990979883,
404,sample_404,,10000000000,,CCACUGUCACUGUCACUGAGGAACAGGUAAUGGU,0.7133673265756127,
405,sample_405,,10000000000,,GGGGAAGAAAUGAGGGGAAAAAAGAAAAA,0.5675647933684992,
406,sample_406,,10000000000,,AAGGAAAACGGAAAAUCUGGAAGCAGCAGUGUGAACAGACAAGCAG,0.8841812869372531,
407,sample_407,chr6:138424190-138424256(-),390,0.76,GGAGGCCCCGCCGCAGGCCGCCCUCGCCCAGCCGCUGCCCCGAGGAGAACGG,0.9254452390914296,
408,sample_408,,10000000000,,UGGAAGUAAAUUUGGAAAAGC,0.5321417288394915,
409,sample_409,,10000000000,,GGUGGAGGGAUUGGGAGCUGUUUCUG,0.6911486146303926,
410,sample_410,chr11:90222433-90222464(-),170,0.8888888888888888,GUCUGGGAUGAGCAGCAGGUAGA,0.8501847121526073,
411,sample_411,,10000000000,,GGAGGACCUGGCCCCAAAUGAGCUGG,0.7728840253237089,
412,sample_412,,10000000000,,UGGAGAAGGGGUCAGAGGUGGCCCACUCGGUGCAUC,0.7747312607805052,
413,sample_413,,10000000000,,CCCGGGAGCUGGUCCACCCCCGCCGAG,0.8416321944342395,
414,sample_414,,10000000000,,AAUCAGGAAGCAGCUGCAAG,0.8036373839950779,
415,sample_415,,10000000000,,CGAGGAGAUGCGCAUCAAGGUGGA,0.8811809341384998,
416,sample_416,,10000000000,,GAGUAGCGGUGCCUUCU,0.5499075640425518,
417,sample_417,,10000000000,,AAGGCACUUGGAACAGGUAAGUUCAUUGCCU,0.5514383507498178,
418,sample_418,chr11:33015922-33015988(+),150,0.7441860465116279,CAGGAGCAAGGACGAGGGGAACCUGGAGGAGGUGGUUGCUGAGCUGCG,0.9658109846583652,
419,sample_419,,10000000000,,GCGGCAACUCGACAUGGCGGUCGGCCGGGUCGAGUUCGAGCAGCGCGCGGCGGCCGCCGGCACG,0.9516959446872416,
420,sample_420,chr14:58298572-58298632(+),120,0.78125,AGGUUCUCCAGCUUCGCCAGGGCCGCGGCGCCAGUUCCAGCGCCGCUCUCCCCGG,0.5256206988218589,
421,sample_421,chr16:84982683-84982754(-),16,0.8636363636363636,GUUCAGGACCGCCACUUCCAGGAUCUGCGGAACCAG,0.9221802344004004,
422,sample_422,,10000000000,,CCCUGCUUCACCAGGUGAGGACCAGGGAG,0.7578766635094004,
423,sample_423,,10000000000,,AGGCCGUGUACCGCAGCUGGCUA,0.6540619018176466,
424,sample_424,,10000000000,,GAGGACCUGCUGAGCGUGGUGGCUGGUGAGGUUGUUCUGA,0.8507015199936548,
425,sample_425,,10000000000,,GGGGAAGGCAAGAUGC,0.7453079260329001,
426,sample_426,,10000000000,,CCCAGCAAGCCCUGAAGGAGAA,0.7387088184932215,
427,sample_427,,10000000000,,UCCAUCUUGCCGUCAUCGAGCGCCGCCACC,0.6635855635432394,
428,sample_428,,10000000000,,GGUUCUGUUGCACAGGCAAGUGGUUGCCGUUCUUG,0.334596871,
429,sample_429,chr17:58083473-58083528(+),17000,0.9375,AGGCCGAGCGCGGGCGGCGUC,0.8291063042804879,
430,sample_430,,10000000000,,CGCUCUGGGUCAGAGUGU,0.4354844346607915,
431,sample_431,,10000000000,,AGGAUCAAGGAUUGCCUAAAGGUGGUCGAGGUAGAACAGGUCCACAAGGAACCUGG,0.7811763424531966,
432,sample_432,,10000000000,,GCGGCUCACGUGGGACGACAUGGAGAUCGAGC,0.9562572418087012,
433,sample_433,,10000000000,,AAAGGAUCUUUAACACA,0.466292827,
434,sample_434,,10000000000,,GAUGAGGAUCUGCCAAGGGGGAAUGGUU,0.8997398028611939,
435,sample_435,chr6:35469466-35469494(+),41,0.8260869565217391,GCUGCAGACCCACAGGGACGUCGAGGAGCUGCAG,0.9609361309574348,
436,sample_436,chrX:303162-303232(+),19,0.8275862068965517,GAGCGGGGCCCACUGAGCCCUAAUCCUGCAGAG,0.5437470849952468,
437,sample_437,chr2:159762230-159762285(+),13,0.8214285714285714,AGGACCUGGAAAACCUCAGGCUGCCGGGGGGAGAGGGCUCCAGGCAGCCUGAGGGGAGAGUGCU,0.8412113938225273,
438,sample_438,,10000000000,,CCCUGCAUCUGCCCGUGG,0.4179695643688808,
439,sample_439,,10000000000,,CCUGGAGCCUCAGAGAUCUGGCCUUUUGUCCACAGACA,0.5061008554247294,
440,sample_440,,10000000000,,GGGGAAAGGUGGAAGAGAAAG,0.8353514996212941,
441,sample_441,,10000000000,,CUUCAUUGGCUGCUGA,0.530912744,
442,sample_442,,10000000000,,CCUGCACCCAGCAGGCACCUGGAUCCCGAC,0.8344988649760604,
443,sample_443,chr3:183635633-183635689(+),640,0.8636363636363636,GGAGCUGGGUGAGUGGCUGGAGUGGGCCCUGCGCCGCCACCAGG,0.7616063888636778,
444,sample_444,,10000000000,,UCUUGGUGAUUCAUCUGACACUU,0.3777697131565066,
445,sample_445,chr1:1044121-1044172(+),72,0.7105263157894737,GGAGGGGGGAGCUGGCUCCUGGGAGCAGGGUGCUGGGGAGCAGGCUCU,0.7173422848015915,
446,sample_446,,10000000000,,CCAGGCCGUCCGGGUUGAGCACGA,0.6177044951759856,
447,sample_447,,10000000000,,CCUCUUCCACCCCCAACUGC,0.3043688661386293,
448,sample_448,,10000000000,,GCUGGAAAAAGCUAGAAGCU,0.7219671239592944,
449,sample_449,chr14:103336304-103336358(+),0.012,0.782608696,CGUGCUGGGUUCACACCUGUAAUCCCAGUACUUUGGGAGGUCGAGGUAGGCGGAUCACCUGUGGUCAGUUC,0.5671267304437462,
450,sample_450,,10000000000,,GGGGAAGGCGAAGGAAAC,0.8657156996850249,
451,sample_451,,10000000000,,GGAGCGGGUCCGGGCGCACCAGCUCGACAUCGAGCGCCCGGCCUACGCC,0.9021445744144556,
452,sample_452,,10000000000,,UCUGAAGAAUUAGGAAAAGAUUUUGAGAAGGAAAGAAAAG,0.7146519447058791,
453,sample_453,,10000000000,,UCCGGGUUGCGGACAGAGACGGCUUCGAAUAGGUACACGGCACAAG,0.784299921,
454,sample_454,,10000000000,,CAAGGGAGAUACUGUGCAAGGUGGA,0.6196598711068867,
455,sample_455,,10000000000,,GGACCAGCUGCUUCAACAGGCAC,0.7585102760640556,
456,sample_456,,10000000000,,GGCUCUGAGAUUUCCACA,0.3873781708635224,
457,sample_457,chr4:2068169-2068203(+),39,1,GGAGGGUGUGAGUGUGUGCAUGUGUGCAUGUGU,0.2496361438061565,
458,sample_458,"12607;chrX,1718158,1718218,+",22,0.7567567567567568,CCACUGAGGAGCUGCGCCGGAAGCAGCAAGGAGGAGCUGCACCAUGGUGCUG,0.9649538463725026,
459,sample_459,,10000000000,,CGGACCAGCUGCACCAGGCUGU,0.8413819590982797,
460,sample_460,,10000000000,,UGGAGAAAACAGCUGGACUUGGC,0.8635778823221844,
461,sample_461,,10000000000,,CGCAGAAGCCGCAGCUGUGUCGG,0.7099562078887899,
462,sample_462,,10000000000,,CGGAGGUCCUGCUGGUCGUCGCGGUGA,0.8621425065297147,
463,sample_463,,10000000000,,UCCAUCUUCUCCAACAGC,0.3015950197260448,
464,sample_464,chr11:65058379-65058411(-),34,0.8,UGGUCCUGUCCCUCCUGGUCCAGGUCCUGC,0.467859261,
465,sample_465,,10000000000,,GAGUUCCUGCUGGACAACUGGAAAAGGA,0.903689374,
466,sample_466,chr11:65423880-65423930(+),13,0.7272727272727273,AAGAAGACUUGCAGCUGGUUAGCCGCAGGGCCUUGCAGGUGGUGACAGAAG,0.8200857901972197,
467,sample_467,,10000000000,,UCUGGCAGUUCCCGAAGCCAAAGCUGAUGGGAAGCACUGGA,0.8498069567085065,
468,sample_468,,10000000000,,CCUGUGGAACCGGAGCUA,0.8806270858133415,
469,sample_469,,10000000000,,UGGCCGUCUCGUCAUCCUGA,0.5777685734947982,
470,sample_470,,10000000000,,GGAGGUGGACGACAUGGCCGAG,0.9464688060663236,
471,sample_471,"8431;chr22,38153998,38154055,+",13,0.8214285714285714,AGGCCGAGGCGGCAGGAGCUGGAGAAGGUGAGCAAGGUGAGGAGG,0.9456488238212196,
472,sample_472,chr21:45491246-45491306(+),2700,0.85,CCCCCUGGCCCCCCUGGCCCACUCGGAGAGCCGGGGAG,0.7625539828547259,
473,sample_473,chr1:1374273-1374344(-),10,0.7777777777777778,AAAAGAGUGGAAGGAUGGAGCUCGGAAGGGAGAUGCUGUUCCUCAGGAAGCACAUGGACCUGUUUCUUCUGU,0.8984960295988884,
474,sample_474,chr1:1754610-1754648(-),130,0.7407407407407407,GCCCAAGGGGAAGAAGAAGGCCCUGGAGAACA,0.9597967613165468,
475,sample_475,chr17:81565544-81565602(-),61,0.6744186046511628,CCUGGCCGCCCACACCCAGGAGGCCGAGCGGAUCACCAAGUAAGCAGUCCGCCCUGGCCUGAGCUCCA,0.7497841684405172,
476,sample_476,,10000000000,,CGACUGAGGCCAGCAAGGACUUGCAC,0.8007636641271804,
477,sample_477,,10000000000,,CGCCCUGUUUGCCCAACUCCGCCGCAC,0.2730735112380114,
478,sample_478,chr10:77926284-77926345(-),25,0.7931034482758621,GCGGGACCGAAGCCAGGACCCGCGGGCGGGGGGCGGAGGGGGC,0.8616707012178119,
479,sample_479,,10000000000,,GUCCAGGAGCUUUACCUGCAG,0.6963247599818423,
480,sample_480,chr2:11771606-11771677(+),85,0.8333333333333334,CUGCUUUCGGAUGAGGACCUGUACCUC,0.909386922,
481,sample_481,,10000000000,,GGACCGCCUGCAGGGCCAGAGCGAGA,0.8822380803142226,
482,sample_482,,10000000000,,AGCUGGAAAAGCUUGAGGUUGUCCACUGUGUGCAUGAGGUGGAGACUG,0.7079186913953159,
483,sample_483,,10000000000,,CCUGCACCCUGCUCCCAGCCC,0.308767934,
484,sample_484,"18199;chr16,28935738,28935797,-",55,0.875,UCCACCGCCGCCACCGCCUCGGCCGUCGUCU,0.6587005509810957,
485,sample_485,,10000000000,,GCAGGUGGUGAGGAGGUGGAGGG,0.8228573531368657,
486,sample_486,chr15:63528041-63528085(+),8.7,0.8333333333333334,CGGGAUCUUGAGGAGCUGGAGGCUGGGAAGUCCUA,0.943424007,
487,sample_487,,10000000000,,AAGGCUGUGUCAUCAACAAGGUGCUGUUGCAG,0.4351715927657255,
488,sample_488,,10000000000,,CUCUGAAUAAAUUGAAG,0.2713364532463825,
489,sample_489,,10000000000,,CCGCCGCUCCGGGCCCCCCGCCGGCCCCGCCCCCACCCCCCGC,0.4242587784656687,
490,sample_490,chr8:63186222-63186271(+),11,0.8214285714285714,GGGGAAGCAGUGUGAUCUUCAGGUGGAGAGAACA,0.7778097929923715,
491,sample_491,"14628;chr1,223990454,223990492,-",110,1,GCACCUGUGGAAGAAGAAGGAGU,0.9359481473777072,
492,sample_492,,10000000000,,CGAUGCCGCCCACCUGCUGACACCAG,0.7285242374535034,
493,sample_493,,10000000000,,GCUGGCCCCGGCACCAGGUUCAGGUU,0.5593254016954639,
494,sample_494,chr17:7503162-7503195(+),23,0.8695652173913043,CCGCUCGUGCUUCACCAGGUCCUUCGCCAC,0.5248225954413867,
495,sample_495,,10000000000,,GCUCCAGCUGUCCCGCAG,0.5234906385511064,
496,sample_496,chr17:55283201-55283242(+),100,0.7666666666666667,GGAGGAGCUGCGGAAGGGCCCCUCCGCCAACCCUG,0.9358482428220644,
497,sample_497,,10000000000,,GGCUGUGGAAGGCCAGGCAGGGCUGGAAUCGCGGAUGACCCA,0.9590217148252114,
498,sample_498,,10000000000,,AAUUCAUUUCCUUUAGCAAGGACCAG,0.3208059842363122,
499,sample_499,,10000000000,,GGUGGCUGGCAGGACCUUGAGCUUGAGGUACA,0.7300159587700145,
500,sample_500,,10000000000,,CGACCGGCGCGACGGAGAGUUAGGGAAU,0.9082584970834354,
501,sample_501,,10000000000,,GGAGGAGCUGAACGUGGUGAUGAACGGCUCCUUCGGGGAG,0.9369623414276846,
502,sample_502,chr1:151290769-151290843(+),11,0.84,UCUGGGUCCUGCUGGCCGAGGAUCUGGAGGCCCUGGCCCCA,0.936884961,
503,sample_503,,10000000000,,UCCUGUUUGAACUCGAGGUGGU,0.4182647969622648,
504,sample_504,,10000000000,,AAUUCAUUUAGAACUGA,0.2207480385000597,
505,sample_505,chr2:230865083-230865146(+),6400,0.9230769230769232,AGCAGGGCCGAGGCCGACGCGCCUCCU,0.8011661302418993,
506,sample_506,chr1:36361256-36361310(-),57,0.8214285714285714,AGGAUCUGGAGAAGCGUCGGCCAGCGCCUUCUCCACCUGCGCCACCGGCCGC,0.9328068548469284,
507,sample_507,,10000000000,,AGGAGACCCUCAGCCGCUU,0.7593951889903958,
508,sample_508,chr11:71929051-71929125(+),550,0.8333333333333334,GAUGUUGGUGGUGGCAUUGGUGGAGGUGGUUGUG,0.6156959409916256,
509,sample_509,chr2:36405881-36405930(+),13,0.7352941176470589,CCAGGGGAAAAAACAGACCCUGGCCCCUGGUGGCUGGUUG,0.3999522133225066,
510,sample_510,chr8:142278400-142278473(-),9.4,0.8947368421052632,AAAGGAGCUGGUCCUGCUAAAGGAGAA,0.7974151266549747,
511,sample_511,,10000000000,,GAGGCCGAGGCCGCCCACUCCCACCGGCCGGACCGACA,0.9407894531996076,
512,sample_512,,10000000000,,CGGCUGGAUGGACUAGACG,0.9123869269386524,
513,sample_513,,10000000000,,CCCCCAGUCCCCACUUCC,0.247446427,
514,sample_514,,10000000000,,CUGCUUUGAUCUCGCCCCGGCGGCCUCC,0.3392570248778934,
515,sample_515,,10000000000,,GAGCUGCACCUUGAGGAGCGCCAC,0.8731909451385501,
516,sample_516,,10000000000,,AAUGGAGAGUGUGGGGAAGCCAGCU,0.7726568249459571,
517,sample_517,,10000000000,,GGUGGCCCCGGAGGUGAACGAC,0.8478185231831054,
518,sample_518,,10000000000,,GGCACUGAGGGGAGCU,0.7109222129186025,
519,sample_519,,10000000000,,CAGGAUCUUGUCCACUAGUGACCCGGAUGAUCACGCACGCA,0.8460141547927594,
520,sample_520,,10000000000,,GUCGGGGGGAAGCUCUUGGUUCUUGCGGGG,0.6127136144514505,
521,sample_521,,10000000000,,CACAGGCUGGCCCCUGCGCCUGCUU,0.4735333736833329,
522,sample_522,chr2:3479270-3479306(+),13,0.8148148148148148,UCCUGGUCCAGGGCCUUCAGCUGCUUCAGG,0.4651183381487404,
523,sample_523,,10000000000,,UCUUGGAGUUCCUGGU,0.6991221065280727,
524,sample_524,,10000000000,,GAGCUGCCAAGGAAAAGGGAGGGGGCGGCUCCUGCU,0.7171586737763275,
525,sample_525,,10000000000,,CCUGGAAAAGGGGAAAAU,0.7323067248537449,
526,sample_526,chr17:40123241-40123291(+),120,0.8076923076923077,AGGAGCGGGAGCCUCCUGGAGGGCCGCCUGAGGCG,0.8764395,
527,sample_527,,10000000000,,GCUCACGACGGAAAGG,0.8492461209738978,
528,sample_528,"11894;chr8,48874160,48874205,+",96,0.8888888888888888,AGCGCCUGGAGAGCCCUGCUGU,0.8422020615613816,
529,sample_529,,10000000000,,GUCAUGGACCAGAGCAGCCGACUUCGGG,0.8601082466783145,
530,sample_530,chr2:235822636-235822711(+),390,0.84,GGAGGUGGAGAAGGCCAAGGUGGAGGGGAUCAGUCGCAUCAGGGCC,0.8217538478365316,
531,sample_531,,10000000000,,CGACUGGCUGGCCGAGGGCAACC,0.8809364954956705,
532,sample_532,,10000000000,,AGGAGUUUGAGCUGAAGACGAGGG,0.8725884323281543,
533,sample_533,,10000000000,,GUGUGUCUGCUAAUUCUAGGGAAAUUAU,0.2066045504194734,
534,sample_534,,10000000000,,AAAGUUCCAUUUGGAGACA,0.6313697990392872,
535,sample_535,,10000000000,,CGAGGUGGUUGGUUUGGCCACA,0.6143275058988299,
536,sample_536,chr9:77901059-77901103(-),140,0.8461538461538461,CCAGGAGUGAGAGCAAGGACAUGGAAGGUG,0.8674032016113569,
537,sample_537,,10000000000,,CCCACAGGCUGCAGCGUGGCCGACUGACUGGGGGGACCGGCGCCUGCUGGAGGGACUGAUCCGG,0.9225842551347242,
538,sample_538,chr13:114132442-114132477(-),31,0.9473684210526316,GCUCUGGGAGACCCGGAGCGGG,0.9069954603475204,
539,sample_539,,10000000000,,GGCUUUGCCAGGUAAUUUGA,0.2547468972659277,
540,sample_540,,10000000000,,GAUCGGGAUUUGUUUGAGCGGGAUUGGGAUUGGGGUU,0.5769238636740517,
541,sample_541,,10000000000,,GAGGACCCCCACAGACAGGGAGGAUCAUG,0.9024980261095292,
542,sample_542,,10000000000,,GCUGCGCCAAGGAAAAUCGAACGGACGU,0.9169345072255972,
543,sample_543,,10000000000,,CCAGACCCUUCUGCCAGAGCGUCUCAGCAGCACUCGCCCAG,0.4539653159443794,
544,sample_544,,10000000000,,CGUGGAAGUCCUUGACGACUCGU,0.8906734419300647,
545,sample_545,chr9:92314293-92314355(-),6.9,0.84,UGGAAAAGCAGAGAGGACCCGGAGCUGACUGGGAGGCUCUGUUGGCAGCGUUGGAAGCGAGGGGAAGGAGAC,0.9834773485544333,
546,sample_546,,10000000000,,GGGGCCGGGUGGGCGGGG,0.5084706364099452,
547,sample_547,,10000000000,,CCUGUAGCCAGCAAGA,0.4449410691591421,
548,sample_548,,10000000000,,AAGGCACCUGCUCUUGUGAG,0.2760083797696949,
549,sample_549,chr14:102011933-102011989(+),9.7,0.7857142857142857,GGAGGGGGGAGCAGGGCCUGGCUGGUCCUGGAGGCAG,0.7154245006061072,
550,sample_550,,10000000000,,GCAGGUGCAGGGAGGGCCCCCAGG,0.6433498119237295,
551,sample_551,,10000000000,,UCCGGGUUCAAGCAGC,0.5777554944228526,
552,sample_552,,10000000000,,AGCGGGAUCUGGAGGC,0.8732185897647983,
553,sample_553,,10000000000,,CUGGAAGAUUGGGUCCUGGGAG,0.8215271554821365,
554,sample_554,,10000000000,,CCCGGGAGCUGGAAAAUCC,0.8721832126208736,
555,sample_555,,10000000000,,AAGGGACCUGUGAGAUCGCCGGUGAGCUGACUGCUGAGUUCACCUUCUCCCC,0.6850809819093481,
556,sample_556,,10000000000,,AGGUGCUGAAGGCUCACGUGUGGAAGGAAUGAG,0.8240666259266797,
557,sample_557,,10000000000,,CAAGGGAGGUUCUGUUGCUCCUA,0.5410615683622771,
558,sample_558,,10000000000,,UCUAGGAGUGUGAUGAGA,0.7549858134779389,
559,sample_559,chr12:26833018-26833070(-),67,0.7777777777777778,CCCAGGAGAAGCCCCCGGCGCCGCCGCCGCCCGGCACGCGCCCCUGCACUUCGCCG,0.9146494258073188,
560,sample_560,,10000000000,,CUGCUGAGGAACAAGACUGUGGGGGAACAAAAC,0.7882125065021702,
561,sample_561,,10000000000,,GCUCUGGGAUCUGGCAGC,0.8643567482491227,
562,sample_562,,10000000000,,CGGAGCUGCAGGGCCCACCUCG,0.7455298065554541,
563,sample_563,,10000000000,,CCGCAGGUGCACGACCUUUGCGUCU,0.631495503,
564,sample_564,chrX:74614444-74614477(-),260,0.9,CCGCAGGUCCGGCCGCCGCCGCCGC,0.828319602,
565,sample_565,,10000000000,,GCACUGAGGUCCGGCUGGUCCCGGAUCUGGCCG,0.9142397402088276,
566,sample_566,chr6:36225280-36225343(+),2.1,0.7272727272727273,CCCAGGACCAGCGGGACCUGAAACUCUUGGACCUGGCAUCGGCCAAGGGAUGUGCU,0.9165989310244852,
567,sample_567,,10000000000,,GGCUCUAGGGAACCGACCAGC,0.8063034746417819,
568,sample_568,,10000000000,,CGGAUCUGUUUCGGAGGAUC,0.8899098100550077,
569,sample_569,,10000000000,,AAUCUUGGAUUGGAAAAGGGUG,0.8009186798936951,
570,sample_570,chr1:32779458-32779508(-),7.8,0.9,GGUGGAGGGAGGUGGUCCUGAGGUUCAACCUGG,0.7108065913979383,
571,sample_571,,10000000000,,UCCGGGUGAACGUGCUG,0.7133233246034378,
572,sample_572,chr1:225867984-225868011(-),77,0.782608696,CCGGUGCAGUGGAAGGCGUCCGGCCCACGCC,0.8343642645584448,
573,sample_573,,10000000000,,AAGGCAUCUGGAGGGAUCUGGAGAGGGUUCAGG,0.879392446,
574,sample_574,chr2:241346167-241346216(+),15,1,GGAGGUGACCCAGGACCAGA,0.8637619346681246,
575,sample_575,chr16:67831814-67831856(-),220,0.9375,GCUUCUGGCCCCUGGCAGC,0.5797737498869844,
576,sample_576,chr1:225778055-225778118(+),150,0.78125,GCCUCGGCCCCGGGAGCUGCACCAGGACCCCCGGCCGCGGCGCC,0.9372521621191484,
577,sample_577,,10000000000,,CGGGAAGAGGAGCUUG,0.943928181,
578,sample_578,chr20:62963721-62963775(+),6.1,0.8947368421052632,CGCAGCUUGAGCUGCACCAGGAGCGCC,0.7579548918066982,
579,sample_579,chr9:93308432-93308503(+),85,0.7333333333333333,GCUGCUUCCCGAGCUGGCGGAUGAGAGGACCAGCCGGCUCUUUGUGACCGCCAGGUGU,0.9159234369218756,
580,sample_580,,10000000000,,AGGACCUGCUUGGACUAGCGGGGCCGGCAG,0.86224969,
581,sample_581,,10000000000,,CUGGAGGCAACAGAUUCUGGAAAAGGAAAUGAGGUGCUACGGAAACUCUCAGA,0.8224652608536888,
582,sample_582,,10000000000,,CCCAGCAAGAUCAAGGACCUGAUCUGCUACACCUACGCCAAG,0.7197544427131607,
583,sample_583,,10000000000,,CGCCCAGGGCCGCAUCUUCAACCGCUGGACCUCCUG,0.8079457497239112,
584,sample_584,chr16:1706559-1706600(+),130,0.7586206896551724,CCCAAGGAGGUGGUGUCGGAGCUGGCACGCGAGGCUCCUGUGG,0.894310858,
585,sample_585,,10000000000,,CACUAGACAUGGAAGAUUACCGCCAAGGGGAUCAACAA,0.811101461,
586,sample_586,,10000000000,,CCACUAGGCCAGGAGU,0.6204229176233901,
587,sample_587,,10000000000,,GCGGCACCUGCUGGGCCCCUUCUGCGCCUGCUGUUGC,0.5221547323254936,
588,sample_588,,10000000000,,AAUGAUUCUAAGCCAAAG,0.1973762964313078,
589,sample_589,,10000000000,,CGACCAGGUGCUGUCCCACAUGGAGUUCGACCAGGU,0.8110694356334378,
590,sample_590,chr10:5909186-5909244(+),27,0.7857142857142857,GCUGGGAAGUGGGGGAGGCCCCUCAGAGUCAGGCGCCGCUGCCUG,0.699257357,
591,sample_591,,10000000000,,CUCCAACUGCUGGAGAAAGGGUGAGUGCCCAGC,0.7115896337712091,
592,sample_592,"19885;chr19,10503776,10503835,-",6.6,0.7222222222222222,GCCGCACGCGUCGUCGUGAACGACGCGCCGCUGCUGGAAGCCGUUCGCCAA,0.9527663649117324,
593,sample_593,,10000000000,,UCCAGCUUCGCCAAGCGCACCGGCU,0.6148403365482442,
594,sample_594,chr11:62140736-62140782(+),67,0.8888888888888888,AAGGGAUGAGGAGCUGCUGGCCUU,0.9310773538292552,
595,sample_595,chr22:41884965-41885022(+),16,0.85,AGCUUGGAAGCCCAGCUUGCCCC,0.6532086016376774,
596,sample_596,chr7:101154473-101154518(+),610,0.7692307692307693,AGGUGGUCGAGGAGGGCCGGGGCCGCGCAGGCGGCUGCAGGCGGCCUGGGCGGAG,0.9015913744666436,
597,sample_597,chr17:80105837-80105891(+),130,0.7419354838709677,CGGAGGAGCCCGUCGGGGUCCCCGAGGACCGGGAGC,0.9748057535802658,
598,sample_598,,10000000000,,AAUUCUUUGCCAACAUUCCCAGGU,0.2002048418395111,
599,sample_599,,10000000000,,UGGAGAAUGAUUCACUGGA,0.6232276812803683,
600,sample_600,,10000000000,,GUUCGCCUUUGCCAUU,0.3588085684235945,
601,sample_601,chr19:39488563-39488630(+),24,0.8076923076923077,CAGGUGCUGGAGGGUCACCCGGUGGCGGCUC,0.7893822112202865,
602,sample_602,,10000000000,,GAGGCCGACGCGGAGCCCGAC,0.917918543,
603,sample_603,,10000000000,,GGACGUGGGAUUUGCUGGUCCA,0.8308683247184424,
604,sample_604,chr17:82060863-82060923(-),19,0.8181818181818182,CGCUGCUGUGAGAACAGGAGAGGAAGCUGCAGCCUCCAG,0.8979943102349643,
605,sample_605,,10000000000,,AGCAGUAGCCGCCAGGAGGGCCUCCGCC,0.6616819654085662,
606,sample_606,"25301;chr8,145624977,145625029,-",21,0.75,AGCUGCUGGAGCCGCUGGCCGCUGCGGCCUGUGAGUGUGAGUG,0.772276613,
607,sample_607,chr16:28844737-28844798(-),3.4,0.7647058823529411,CGGACCAGGAGAUCCGCCAGCUGCUAAAGGAGUUCCGGGAAG,0.9442732134330072,
608,sample_608,chr19:5080547-5080609(+),91,0.7586206896551724,GCCUGCACCUGCACCUGCUGGGAGCUGCUUGGACU,0.8595912723654079,
609,sample_609,,10000000000,,GGCUCUUGGUCUUGGACCGCCUCCUGGUUGUG,0.7644373371978419,
610,sample_610,"17389;chr15,42743983,42744025,-",70,1,AGCGGGAUUGGAAAUGG,0.828346383,
611,sample_611,,10000000000,,AGCGGAAGCAGCUGGAAGAUGGGGCUGUUGGGGGUGU,0.8822009671144889,
612,sample_612,,10000000000,,CUCCUGCACCUGCCCGACUGAGCCUGGUUGGU,0.6151893069267228,
613,sample_613,,10000000000,,UCUGAGACCUGCUUGGCCUUCUGCCUGGUGUA,0.4110777551662496,
614,sample_614,chr17:44199518-44199588(-),1700,0.9411764705882352,GCCGGGAUCUGGCCCCGCCGCCGCCGGAGGAG,0.9465405963059828,
615,sample_615,,10000000000,,CUGGAAAAAGGUAAAAAAUUCACAGGA,0.1859240377207064,
616,sample_616,,10000000000,,AAAGAAGCCAAAGGAGC,0.7533055767839459,
617,sample_617,"14438;chr1,166245292,166245338,-",21,0.9,UCCAGGUGUUCCCCCGGGAGCCCGUG,0.7468370239379737,
618,sample_618,,10000000000,,AGGUGCUUGCCCUCAUGGAUUACCAGGCCCCCCGGCUGCGCCGCCGCUACUGG,0.7446635601497112,
619,sample_619,,10000000000,,GAGGAGCUGAGGAGCUGCUUUAACACUGAGUGCUCGGGGGAGCUC,0.7164283934884937,
620,sample_620,,10000000000,,CCAGGUGUCCCUGGAAGAUCUGCUGGAGAAUGU,0.932271763,
621,sample_621,,10000000000,,AAGGAAACGGAACCGCAGGCAGGUUC,0.8841040051021457,
622,sample_622,chr4:6977586-6977628(+),0.018,0.8,CCUGGGAAGUGAGGAGCCCCUCUGCCCGGCCAGCCGAUCCGGGU,0.9010622737656212,
623,sample_623,,10000000000,,GGUGCUGGAGAACCGUCA,0.8347756931998955,
624,sample_624,,10000000000,,GGAGCAAGUCCAAGAUGGAAGCAGG,0.8624057027710662,
625,sample_625,,10000000000,,CCAGGAGCUACUGACCC,0.7432510266782736,
626,sample_626,,10000000000,,CCGGAUGUCUGGGGCACUUGGAC,0.8336611447070649,
627,sample_627,chr16:88624703-88624741(+),480,0.8518518518518519,CGGAGGGAGCGGCCCCCCAGGCCCCCCCCGGCCCCCCCGGC,0.7044550577790784,
628,sample_628,chr19:2324144-2324197(-),8.6,0.7241379310344828,CCCAAGGGAAACCUGAAGGCUUCUGACCCUCCUCCAC,0.5641574144123014,
629,sample_629,chr17:40818872-40818931(-),5800,0.8095238095238095,GGAGGAGGGUCGGCCGGCGGCACCGGCUCCGAAUUGA,0.846809598,
630,sample_630,chr3:107710564-107710626(+),19,0.7741935483870968,AAUGUUGCUAGAUUUGGAGAAAAGGAGGAAGAGGAAGAAGAGAAUGGAGGACU,0.9558988383030608,
631,sample_631,,10000000000,,GCCCCCUCCUUCGCCGCUGCC,0.4327041352570191,
632,sample_632,,10000000000,,AAAUUAUCACCGGGAG,0.373479058,
633,sample_633,chr9:128163509-128163556(+),46,0.8947368421052632,GGACCCCCUUCAGGAGCUGCUGG,0.8863206064052666,
634,sample_634,,10000000000,,GAGUGAGUGCAAAAUUUA,0.1790389957205506,
635,sample_635,,10000000000,,CUCCACUUGGCCGCUUGCCCUUCUCCCCGCAGCGAGAGAGGUGUUAAAACAGAAGGA,0.2032988525489754,
636,sample_636,,10000000000,,AGGUGGAAGAGCUGUUCCAAAACAG,0.7559189070343242,
637,sample_637,,10000000000,,UCUAGGAGUGAGACCGGCUCCUGGCCUUAGCUUCAGCCAUC,0.395530349,
638,sample_638,"3529;chr14,23790834,23790899,+",390,0.7586206896551724,GGCUCAGGCUCCAGCACGGGCAUCGGCGGCGCCAAC,0.6408176176665221,
639,sample_639,,10000000000,,CCCAGGUGCAUCGCCAGCUGCACCCCCACCU,0.4960460145745303,
640,sample_640,chr17:44123552-44123594(-),150,0.8,AGGCCGAGGAGAUGCCCCCGCCGCCGCCCAAGAUG,0.8691558649307449,
641,sample_641,chr2:237577236-237577292(-),40,0.7428571428571429,CUUCAGGAGCGGGAGCUGUCCCGCCGGCUCCAGGCCAGGU,0.847269457,
642,sample_642,,10000000000,,GGAGGAGAUGCGCAAAGGUGAGGCGGAG,0.8872862483809892,
643,sample_643,,10000000000,,GCAGGUUAGUCUGUAUCUAACCCUACAUCUGGUCCAGU,0.1241825499742032,
644,sample_644,chr1:201135693-201135753(-),330,0.7692307692307693,CACGGAACCAGUGGAAGGUGCAAGUGGAAGAGCU,0.9493126434922752,
645,sample_645,,10000000000,,CGCUCUAGCGGUGGUAGG,0.5356461498209096,
646,sample_646,chr12:119783920-119783978(-),13,0.7777777777777778,GGGGAAGCUCUGAGAGCCCUCUUGGGGCAGGU,0.6221772282524541,
647,sample_647,,10000000000,,AAAUUGGGUGGAAGUGAUGCCUCCAACAGAUGUAGGAGA,0.6328879904665263,
648,sample_648,chr22:50443605-50443642(+),36,0.9047619047619048,GUCUGGGUGCUGCCUGGAGGGGCACUAGCCCUUCU,0.5312251163636159,
649,sample_649,,10000000000,,AGCUGGCCCCAAAGUGAGAACUUAACCAGUA,0.2741340702276031,
650,sample_650,chr1:6460003-6460072(+),2600,0.72,GGGGAACCGCCGGAGGAGCGGCGGGGGUCGGGCU,0.9349509333358752,
651,sample_651,,10000000000,,AGCUGGCCCCUGCUGG,0.6051469496710177,
652,sample_652,,10000000000,,AAAGCGCCACCGGGAUCACC,0.8049133424895748,
653,sample_653,,10000000000,,GGUGGCCGCCCGCCAGAUUCGCCAGGCCGACUA,0.6689990234749227,
654,sample_654,,10000000000,,CCCCCAGCGGGUUGUAC,0.4515304157377983,
655,sample_655,,10000000000,,GCCCCCGCCGCGCGGAGCACGACCGAAAACGGGCGCUCAGCCGGCACU,0.9526687807922872,
656,sample_656,chr1:87332157-87332189(+),340,0.8333333333333334,UGGCCCCAGCUGCCUCUGGCAUGAGGAGC,0.7854384084120499,
657,sample_657,,10000000000,,UCUGAAAUUAGGAGUUUGAGG,0.4399229744605306,
658,sample_658,chr6:29725500-29725554(+),710,0.9230769230769232,UCUUGGAGCUGAGGUGU,0.8174503366980316,
659,sample_659,,10000000000,,CGAGUUCCUCAGGGCCACUCUC,0.5060431021014925,
660,sample_660,chr19:1925652-1925701(+),41,0.7272727272727273,CGGAUGUCGGGGGCCGCCCUGGUGCCCCCCGCUGGAAGUGCAG,0.9006043894730081,
661,sample_661,,10000000000,,GCUGGUCCUGGUUGAGGACCUGUUUCACC,0.7901607424165186,
662,sample_662,"22762;chr4,76878811,76878850,-",49,0.9444444444444444,CGAGCGGAAGGCCAAAGGUG,0.8577169673376466,
663,sample_663,,10000000000,,CUCCAUCGGCUCUACCGCUCUAGCUGCA,0.5153571493315422,
664,sample_664,,10000000000,,AGCGCCAAGGGGAACUUCAACAAGCACUCGUCGCCGUCCGGCACCGCCGAG,0.8183885081644997,
665,sample_665,,10000000000,,CCUCUUUCAACAGCAUG,0.2652148999672082,
666,sample_666,chr12:120064808-120064871(+),7.5,0.8695652173913043,CCAGGACCUGGUGCCAAUCCAGGACCAGGAA,0.9156631867676224,
667,sample_667,,10000000000,,AAGGGAGAAGGAAUGGUGAG,0.8618422115316118,
668,sample_668,chr11:62140736-62140782(+),38,0.8333333333333334,GAGGACCUGCAUCAUGAGGAGCUGCACCAUGAG,0.9137900660748052,
669,sample_669,chr2:231460722-231460785(-),430,0.85,GGAUGAUGAGCACGAGGUGGAUGGACU,0.9535390576591054,
670,sample_670,,10000000000,,GAUGAGUUUGUAGACU,0.5110782811441751,
671,sample_671,chr3:183300145-183300190(-),140,0.9411764705882352,CGGACCAGCUGCUGGCAC,0.8724049227929183,
672,sample_672,,10000000000,,CCCACAUGGACCUUGAUCUGGCCCCGCAGCUGCCCACCU,0.7041751298237063,
673,sample_673,,10000000000,,CCCAGGAUCAACUUGCCCGAAAUCACUGUGAGGUAAGACGGC,0.7422669754294482,
674,sample_674,chr12:56101197-56101249(+),48,1,UCCGGCUCCGGCUCCUGCUCCU,0.5227611341057632,
675,sample_675,,10000000000,,UGGUUUGCCAAGGGGAUUGGAA,0.7261168524894096,
676,sample_676,,10000000000,,GACCCCGACUGGCACU,0.7888057014915633,
677,sample_677,,10000000000,,AAUUCAGGAUAGGCUUUAGGUUUA,0.482340997,
678,sample_678,,10000000000,,GAGGUUCGCCAGGAGCGGGUCC,0.8721649400523843,
679,sample_679,,10000000000,,CAGGGGAAGAAGGAACCAUCAUGU,0.8579827073772323,
680,sample_680,"1049;chr1,150025899,150025942,+",58,0.7666666666666667,GUGGCCCCAGCUGCUGGUGGCCAGGGGAACCAGGGGAAUG,0.751689392,
681,sample_681,,10000000000,,GGAGCGGGUCCCCGAU,0.8368751211576717,
682,sample_682,,10000000000,,CUGCUGCCUCCUGCAGCGGACACGACGAAGACCUU,0.972708096,
683,sample_683,chr7:1540119-1540188(+),410,0.8260869565217391,GGAGGAGCUACAACAGGAGCUGGAGGGCCCA,0.8543682083935037,
684,sample_684,chr4:893404-893477(-),75,0.6585365853658537,UCCAUCUGCAGAUAGACACCCAGGUGGCCCCCCGCAGCUUCUGCAUCACCUUCCUGCUGGACUGCUGCCUGGU,0.5942234152930791,
685,sample_685,,10000000000,,CCUUCACCUUCAGGUGA,0.3690673438198329,
686,sample_686,"17369;chr15,41032344,41032392,-",290,0.8333333333333334,GCCGCUCUGAAGAAGGGGAAGCCGUGC,0.9307137102479928,
687,sample_687,,10000000000,,GAGCUGCACGUCCACCGGC,0.6909094649614127,
688,sample_688,,10000000000,,GCCAGGAGCUGUGAGUGCCAAG,0.7333126993737822,
689,sample_689,,10000000000,,CCUUCAUUGCCUCCACUAGCCUU,0.1543748190017517,
690,sample_690,,10000000000,,AGCUUGGAAGAGCUUGUGGCGGAUGAGGU,0.9256363441884004,
691,sample_691,,10000000000,,GUGGGCAAGCACUCGCCGUGCUGGAGAAACUGACUCGGCAAAUCCUUCAGCU,0.6770161855193512,
692,sample_692,,10000000000,,GGUUCAGCUUGGCGAGCAGCGGGUGGCA,0.6734048595449573,
693,sample_693,,10000000000,,GAGGGGAAGGAAAAACCU,0.6794736884868222,
694,sample_694,,10000000000,,AGGUAAGCCAUCUGUAACAAAUCACCUAGAAAAAC,0.086095406,
695,sample_695,,10000000000,,UGGUAGGCCACUUGGACUCACUGGAGGGCGCCCC,0.8308978630257096,
696,sample_696,,10000000000,,CAAAACUUUGGGAAAAAACA,0.3559610098057879,
697,sample_697,,10000000000,,CUGGACGUCCACAGCCGCAUCUACGCCAAGGGUA,0.7922109346855686,
698,sample_698,,10000000000,,AAGGGUGCUGGUCCAGGCCCC,0.6259272187039854,
699,sample_699,chr8:123396279-123396343(-),90,0.6944444444444444,GGUGGCCGAGGAGCCCGAGGACGUGGUCGCGCGGCGGCGGGAGAGCGGGGC,0.98242641,
700,sample_700,,10000000000,,GCUCCUGGGCGGGCACCUGCAG,0.6237129623455304,
701,sample_701,,10000000000,,GAGGAGCAGGCAGGGGCCU,0.8550759198727199,
702,sample_702,,10000000000,,AAAGGACCGAAGCCAAAAGCCCAAGGACUA,0.8706923581845155,
703,sample_703,chr12:57111190-57111243(-),530,0.8181818181818182,CCGCAGGGAUGAGGUGCUGGCAGGGCGAG,0.915460849,
704,sample_704,,10000000000,,GGAGCUGCCUUCUCCAAGCUCACGUGGCCGA,0.7300599705458399,
705,sample_705,,10000000000,,CAGCAAAACCAGACAAGAAAAU,0.2930065125596607,
706,sample_706,chr10:102133180-102133234(+),200,0.8947368421052632,GCGGCGGCGGGCAGGUGAGCGAC,0.7659798154545631,
707,sample_707,chr8:140209138-140209161(-),110,0.9,CAGGAUCUGUGUGGUGAGGCCUCCGGGAUCUACAGAUCCAGCU,0.75541817,
708,sample_708,,10000000000,,GGUGGUCCACUGACAGGA,0.627474323,
709,sample_709,,10000000000,,CACAGGGUGUGUCAGGAG,0.496837402,
710,sample_710,,10000000000,,CACAUGGAGCUGGACGAGCUUCAGGUAAGGG,0.9274850738580336,
711,sample_711,chrX:1599280-1599344(+),710,0.875,CCUCCAGCUUCAUCUGCUU,0.2678977586662781,
712,sample_712,,10000000000,,AGGGGAAAAGGAGCUGUAUCUCCUGG,0.7167984349331527,
713,sample_713,,10000000000,,AGCGCCUCGGCCUCCCCGUGGCGCCGGA,0.69673484,
714,sample_714,chr6:149749739-149749792(+),940,0.9375,GCCGCCGCUGCCGCGACCGCCUGCU,0.8647738484387186,
715,sample_715,,10000000000,,CCUGGACGUCCAGGAG,0.8759560935441281,
716,sample_716,"10906;chr6,138726092,138726124,+",230,1,CCAGGGGAACCUCGUGCC,0.7361699301507477,
717,sample_717,chr20:62796495-62796517(+),920,0.9411764705882352,UCUCGAGUCCCGGACGAGCAAGGAGC,0.9238030383758202,
718,sample_718,,10000000000,,AAAAGUAAUGUAUUUUAUAAAACAUCAAAAGGAGAAUAAAAGUAAAAG,0.008342091,
719,sample_719,,10000000000,,GGGGAAAAUCAGGCUCUGUGAAGUGCCCAAGGCUCAGAGGCCGCUC,0.6382476221939967,
720,sample_720,,10000000000,,GAUGUGCAAGUGCUACAACUGCUGUGGGAAGGAUCU,0.807897329,
721,sample_721,chr18:49460532-49460592(-),49,0.7407407407407407,GCCCAGCAGAUCCAGCGGGAUCUGGUCCGGCUCCGGCGCGUGGCCGA,0.9269237259982708,
722,sample_722,,10000000000,,AGCGGGAGCGCGUCCGCGGGCGC,0.8793873122341511,
723,sample_723,,10000000000,,GCACAGGGAGACCCAGGAGACCGCAUCUUGGCGG,0.8285822141605548,
724,sample_724,,10000000000,,GCGGCUCUGGCGGAUCGCCGGGAUCGGGGAUUUGCUG,0.9258531020432336,
725,sample_725,chr6:43622747-43622789(-),88,0.9411764705882352,CAGGACCAGCUGGUGGCGGGG,0.8091098036510167,
726,sample_726,chr10:97445785-97445844(-),38,0.8214285714285714,CGAGGAGCGCCUGGAGGCGGGCAGCGCCGGCAGCGACUACGGGG,0.960828354,
727,sample_727,chr19:16076633-16076695(+),440,0.8695652173913043,AGGCCGACGUCGAGCUCGCGCUGCAGGCGAAGAAG,0.9767195611332606,
728,sample_728,"2529;chr11,117232650,117232703,+",19,0.8,CCUCUUUGUUUAUCACUGAGGAGAUGCGCAUUGAAGGAGAAUCGGGACGUGAACUUGGAGAACUAUGUGAG,0.7733974197261756,
729,sample_729,chr17:42682708-42682750(+),120,0.7297297297297297,GCUGGAGGGAGGAGAGCGAGGCCGUCUCCAAAGCGCAGAAGGGGUCCUCGG,0.8788282688113983,
730,sample_730,chr16:24790396-24790470(+),99,0.8571428571428571,GGAAGUGGACGGGGAACCUCUGGCAGG,0.9451870216028996,
731,sample_731,,10000000000,,GCUUCUGUUGCGCAUUGGUAGCAG,0.3482765881025251,
732,sample_732,"25830;chrX,9786371,9786414,-",32,0.9,AGCUUUAGGCCCUUCUGCUGGUGAAGAAGAC,0.8339162437266944,
733,sample_733,,10000000000,,GUUCAGCGCCUGGAGGAUUACC,0.874940714,
734,sample_734,,10000000000,,GCUUUAUCUUCUCCAGGU,0.1240763561937293,
735,sample_735,chr5:150041788-150041843(+),3.5,0.7368421052631579,CCCUGUGGCCUCCAAGGAGGUGCGCCGGCUCCAGGUGCUGGAGGACUA,0.931214542,
736,sample_736,,10000000000,,UGGAGGCUGCUUCGCCGCUUCGCCACA,0.7659524939102966,
737,sample_737,chr15:22564385-22564432(+),6.5,0.8461538461538461,GGUGCUUCUGGACUGGACCAGCUGCGCCGCCAGCAGGGCCACCGGCAGGAGCUGCU,0.9617410393743798,
738,sample_738,pos_RBD_v3_108048,19,0.7586206896551724,AAUCUGGCAGUGCCUGCAGGAAGCUCCUGUAUCACCUGCUGGAU,0.7666862519707329,
739,sample_739,chr1:6460003-6460072(+),1300,1,CGGAGGAGCUGCGGGG,0.9099748699238184,
740,sample_740,chr17:77449154-77449201(+),27,0.8571428571428571,AGCUGCUGGCCGAGAAGGCUCUGCGGUGCUA,0.8333501414779306,
741,sample_741,,10000000000,,GCCUGGUUUAGCAACAUCAACUGGCACAUGAAGAUGAUCA,0.7178449713395794,
742,sample_742,chr8:127860162-127860227(+),21,0.8125,GGAGGGGGGAGCUGGUCCUUGUGGAGGAGGUUCUGGGGGGAGCGCCAGGCCU,0.7591675684111948,
743,sample_743,,10000000000,,GAGGAGUGUGACCUUGAGGGAAG,0.7770471055105944,
744,sample_744,,10000000000,,GAGCUUGUUCAGGUGAUUGCCAA,0.4295938461181133,
745,sample_745,,10000000000,,AGCAGUAGCAACAGCUUUGGAAUCAGGC,0.4738014792298654,
746,sample_746,chr14:63508177-63508215(-),1600,0.8148148148148148,GCGGGAGUGUGAGCUGUGCGUGCUGGGAAGACUGCCCGGGC,0.8983795121509316,
747,sample_747,chr4:9850431-9850460(-),120,0.8260869565217391,CCGCUGCUGGAGGGAGGCCUUUCCUGUGGGAAGCCAUGAGCUGA,0.7811603533947831,
748,sample_748,,10000000000,,CACUCGUGGAAGUGUUCGAGGAGUUUGACCUGGU,0.7686710749971692,
749,sample_749,,10000000000,,GGAGGGGCCGGUCUGUGGGGCCGCCGCCUGCUUU,0.516137569,
750,sample_750,chr3:38165557-38165597(+),550,0.8076923076923077,AAGGAAAAAGGAGCUGGCCCCAGGAAAAGA,0.8462290106802806,
751,sample_751,,10000000000,,GGUGGAGGCGGCAGGAG,0.8038958056120442,
752,sample_752,,10000000000,,CUGCUUGGAUCAACAGGUUGUUCUAAU,0.5436194696729045,
753,sample_753,,10000000000,,CACAGAAACAUGGAGG,0.5628302936416787,
754,sample_754,,10000000000,,CCUUCAUUUCCCCGAGCAUGUAUGUAGUUU,0.1508979228222506,
755,sample_755,chr11:64767725-64767764(-),220,0.7878787878787878,AGGUGGUCCAGGUGGUCCAGGCUGCCCCCACC,0.5382366871554919,
756,sample_756,,10000000000,,AAAUCGCCUUGAUGAGG,0.585772696,
757,sample_757,,10000000000,,GGCAAGGUGCUGGUUGCCGAGCUGG,0.7683889720480666,
758,sample_758,,10000000000,,UCUUGGAGAACGACUCGUCGU,0.8700667010630317,
759,sample_759,chr1:209830959-209831030(+),64,0.717948718,AAAGGUGAAGAAGGUGAAGCUGGAGGAAGAGAAGUCUGAGAAGAAGAAGAAAAU,0.9779063161499728,
760,sample_760,,10000000000,,CGGGGAACCCCCGGCACU,0.7629031212246671,
761,sample_761,,10000000000,,GGAAGUAAAAGGUCGUAACAAGGUCUUCCGUUGGUGAACCAGCGGAGGAUCACUGAA,0.8151178881963109,
762,sample_762,,10000000000,,GCGGGAUCUGCUUGAUGUCCUUGAUGGCUU,0.7486281515529442,
763,sample_763,,10000000000,,AGGAGAUGCGGUUGGCGUU,0.8211040150368693,
764,sample_764,"5467;chr17,38991191,38991227,+",26,0.9411764705882352,GAGGAGCAGUGUCUGGAGAGUC,0.8648046625330499,
765,sample_765,chr4:1799298-1799341(+),77,0.7407407407407407,CGCUGGUCCUGUGGAGCGGAGCUGCGCCGCGGCUGGAAG,0.971016607,
766,sample_766,chr17:81917890-81917951(-),2600,0.8235294117647058,GGCAAGGAGCUGGCGGAGAGCGAGGA,0.9370065500043618,
767,sample_767,chr3:15675900-15675955(-),220,0.7619047619047619,GGUGGUCCAGGAGCUAGUGCGCCUGCACCUGGAGACGGC,0.8509006194469385,
768,sample_768,chr22:36296944-36296988(-),4100,0.8666666666666667,AAAUCGGGAGCUGGAGAGAGG,0.8424379955703717,
769,sample_769,,10000000000,,CCCAGGAUCGGCUGUACCUCGGCCCCUGCG,0.8300892422618573,
770,sample_770,chr1:15578998-15579055(-),30,0.7931034482758621,CUUCACCUGCUGGACGAGAACGUGCACACGCACACCCACAUCCAGGU,0.8516661076864673,
771,sample_771,,10000000000,,CCGCGGAAGCUAGACU,0.7518710659766126,
772,sample_772,,10000000000,,UGGAGGGACCCCCUGUACCAC,0.734511645,
773,sample_773,chr1:40691943-40692004(-),130,0.9473684210526316,GAGCGGCCGCGCGAGGGAGU,0.8268404460726705,
774,sample_774,chr1:211675384-211675441(-),0.46,0.8333333333333334,AGGCCCCGGAUCUGCGGGCAGCGGCCGCAGGAUCGGGU,0.9282032410982084,
775,sample_775,,10000000000,,GCUUCAGGACCUGCAU,0.7673416176807105,
776,sample_776,,10000000000,,GGGGCCGCACCGAAGCCUC,0.7491859549714049,
777,sample_777,,10000000000,,GCUGGGAAGAGGUGUUUCAG,0.8086833386969938,
778,sample_778,,10000000000,,GCAGGACCACGCCCCCCGCGGCGCCGCGCAGU,0.8411813203453414,
779,sample_779,,10000000000,,AGGACCUGGUCGAGCAUGGCAUCCUGGAGGGCCUCAACAGGU,0.8861148651669083,
780,sample_780,chr19:1434799-1434847(+),2200,0.8666666666666667,CGGAGGGGGGACCCCCGGAGC,0.8250259944412663,
781,sample_781,"6349;chr19,17430371,17430420,+",72,0.8888888888888888,CCAGGAGCAAGUGGAGAAGGC,0.8764593685096281,
782,sample_782,,10000000000,,AGCGGGUCCUUACCCGGACGGCCUGGGUUGGAAGGCCC,0.8425203761167616,
783,sample_783,chr7:2541719-2541762(-),15,1,GGGGAACCUGGAGGAGCUGCAG,0.94195487,
784,sample_784,,10000000000,,CCAGGCCGUCCUGGUUGCCGAUGA,0.8303174038342144,
785,sample_785,,10000000000,,GGGCGACCUGGCCCCCCUGGAG,0.7302081790756227,
786,sample_786,,10000000000,,GCACAGGGUAAGGCUUCUGGAGAUGCCGCCC,0.7926157126207853,
787,sample_787,chr19:55083377-55083401(+),240,0.85,AGGAGCUGUUCCUGGAAGAGGG,0.9403667863820429,
788,sample_788,,10000000000,,GCUGCUUCUCCACAGAAUC,0.35878919,
789,sample_789,,10000000000,,CCCAGCUGUACGACCUGCCGGCCAAA,0.714022536,
790,sample_790,,10000000000,,CAGGUUGCCCUCCAGG,0.5010701963311175,
791,sample_791,,10000000000,,GAGUGAGAGCUGGUUGAUCAACAGG,0.4451744747173071,
792,sample_792,chr16:69567202-69567230(+),40,0.782608696,GGAGGAGUGGGGGCUCAGGCAGAGGCUCCUUGA,0.6990598445093107,
793,sample_793,chr12:120064808-120064871(+),190,1,CCGCCAGCUGCCAAACCUGGUGGGAGGAGCUACAGGACCUUCAGG,0.9042818296523248,
794,sample_794,,10000000000,,AGCUGCUGUAGCCAAUGAAGGAACUGGAGUGACU,0.826741184,
795,sample_795,chr6:43142185-43142248(+),23,0.9047619047619048,GGACGUGGGUGGCCCCUGAGGACACGGGCUG,0.9202336859600556,
796,sample_796,chrX:133939126-133939172(-),110,0.9375,CGGAGCUGGUGCCAGUAGCUGGUGCUU,0.7676889802915471,
797,sample_797,chrX:10128623-10128688(+),2600,0.7619047619047619,AGCUGCAAGGAGGAGCAAGCCCUGG,0.8586322419599687,
798,sample_798,chr19:43497196-43497241(-),1100,0.7647058823529411,GGAGCGGGAGUACCAGCUAGAG,0.7079493066140553,
799,sample_799,,10000000000,,CGGCGGCGAGGGUUCGCGCUCGGUCUGACGGCGAGGUGGUUGGUG,0.8565755449845366,
800,sample_800,chr6:53795345-53795416(+),20,0.7741935483870968,GCAGGUUGCCCGCCGCCGGGAGGAGCCGCAGCCGGAGAUCGAGCGGGACGCCC,0.9744384277578472,
801,sample_801,,10000000000,,GCCAAAGAAGCCCCGGAUCUUUGCCCCCGCCGCCUGGUGGCAGA,0.7957766237125108,
802,sample_802,,10000000000,,GCAGGUUUAGCAACAUCUGGCACUAACAAA,0.2331674730915091,
803,sample_803,chr19:11445403-11445478(+),100,0.8181818181818182,AGCGGGGGGAGCUGGAGGCUGGCGCCUUU,0.7606237311035667,
804,sample_804,chr16:15622939-15622989(-),5.6,0.7435897435897436,CAAGGGAGCUGCAAGAUCAACAGGAAGCACUGGCCAGGCAGGAG,0.8727922115835056,
805,sample_805,,10000000000,,GGCACAGGGCCCAGGAGAAAGCUGCGCCAGCCCGUGCAGGCGGGC,0.7489013121064046,
806,sample_806,chr13:113096578-113096632(+),1300,0.8666666666666667,CCCGGGCCGUCCGGCUUGGCCUC,0.6707520938429908,
807,sample_807,chr13:114301827-114301860(+),11,0.7666666666666667,GCACUUGGGAAGCCGCUCCAGCUUGUGGAGAGCUCAGGGUGU,0.7711602044555405,
808,sample_808,chr8:144107161-144107192(+),260,0.9473684210526316,GAGGCCGAGGCCCCGGGGGCCUCCCCGAC,0.7395168909491976,
809,sample_809,,10000000000,,UGGCCGUGGUGAGGGCGUCCUUGAAGGA,0.6692212649702347,
810,sample_810,,10000000000,,CGUGCAAGGACAUGGGGCAG,0.8008603109897995,
811,sample_811,,10000000000,,CGACAGGGUUCACGUCCUGCUGA,0.6218370583902675,
812,sample_812,,10000000000,,CCACUGACUGCAUCUGCCAGAAGACGGAGGACAUUGA,0.9367800103297428,
813,sample_813,,10000000000,,CGCAUCUGGUCCACCUCGACUGUCUCA,0.6199299437644137,
814,sample_814,,10000000000,,AGGUUCAGCUAGACACGAC,0.4386663513798373,
815,sample_815,,10000000000,,CCCGCCACAGGGCCUGCCUCGGCCAAAGCUG,0.3784612762503263,
816,sample_816,,10000000000,,GGAGCUGGUCCUGCUGGAAAAGCUGG,0.88934656,
817,sample_817,,10000000000,,GAGCCCGUUGUGCACCGGCUUUCUUGGAGG,0.6201306078152338,
818,sample_818,chr9:32572934-32573009(-),320,0.7407407407407407,GGGGCCGGAGCUGGCCCCCCGGAGGAAGG,0.9391289357506396,
819,sample_819,,10000000000,,CCUGACCCACAUGGAGCGGGCCCCUGGACCCGCCCCCAG,0.8360456902098575,
820,sample_820,chr5:98900854-98900924(-),6.1,0.6764705882352942,GGAUGUGCAAGGGGCUGGUGGAGCGGUUGUCCUUCAACCAGAAGAUCAAGUCCUGCA,0.8819085466899946,
821,sample_821,"7053;chr2,26357830,26357904,+",14,0.6904761904761905,AAGGCUGCAGCCUGGAGAAGGCGAGACGGGCUGGAGAGGUGUUGCUAACCCGCCUUCU,0.7779574100257068,
822,sample_822,,10000000000,,CGGUGGUCCACCGCCGCUGG,0.7159322780327431,
823,sample_823,,10000000000,,GACCGGCGGCUCGAGUGGUGGCC,0.7924235042425767,
824,sample_824,,10000000000,,CCCUGGAAAAGGAUCU,0.8809650635884023,
825,sample_825,,10000000000,,GUGCAAGUUCUGAUUCGGACCAGUGAGUCCUGCAAGUGC,0.5936186823064667,
826,sample_826,,10000000000,,GACCGAAUGAGGGGCACACGACUAGAACAAU,0.6487107162152554,
827,sample_827,,10000000000,,UCUUGGUGUACCGCUGCUACUCCAUCAACAAGGGAA,0.5163567614850154,
828,sample_828,pos_RBD_v3_170135,2.8,0.8461538461538461,CGGGAGAUCCAGGAUCUGAGCUGCCUGGAUGAGCUUCUGG,0.940172277,
829,sample_829,,10000000000,,GCAGGUGGCCCCUGCACCAG,0.5351063945949146,
830,sample_830,,10000000000,,AAAGAUCCAGGGGCCCCGGCGGGCCGUGA,0.5976034926546618,
831,sample_831,chr19:3546347-3546378(-),600,0.8888888888888888,CUCAGGCUCUGGCGGAGGGACGGGG,0.8186121566291514,
832,sample_832,,10000000000,,AGGAGCACGAGGCGGCACAGCC,0.8602316486559188,
833,sample_833,,10000000000,,GAGGCCGCCCUCCGCCACUGCGAGCGCCGCU,0.8018342646775074,
834,sample_834,,10000000000,,GGUGCUGGGUGCUAGUUCUGUCAAA,0.3158120400203022,
835,sample_835,chr1:2561681-2561722(+),7,0.8846153846153846,AGGAGCUGCUGGCCCCAGCUGCUGCCUGGUU,0.8119181604595728,
836,sample_836,,10000000000,,AGGAGCUUCUGAUAGUCGAUCCACCGGGC,0.7679487174089868,
837,sample_837,,10000000000,,CGGAGGCCGAGCGGGCCGCCUCGGGCCGCCGCUGUCCCCUGCAGCGUCCCCC,0.8408541798910232,
838,sample_838,chr8:22564320-22564348(+),15,0.8636363636363636,CCCAGGAUCUGGUUCCAGAACUCU,0.7544069155062354,
839,sample_839,,10000000000,,GCCCUUCGCCAGCUGGAUCGAGAAAACGCC,0.8895263051448874,
840,sample_840,,10000000000,,GUGUGGAAGGAAAGGUCUGCACACGAUCAAGGA,0.851616804,
841,sample_841,,10000000000,,CCGCUGCUGGUCCUUGCCGAC,0.7739102485854796,
842,sample_842,,10000000000,,AAAAGAUUGGAAAAUUACG,0.4406591179501516,
843,sample_843,chr11:108222585-108222632(-),31,0.84,CGCAGCGCCUGCGCCGCGGCUCCUGGCAGCGCCUC,0.7918899952502216,
844,sample_844,,10000000000,,GCCUGCAAGGCCCGGGGCGCCUCCAAG,0.5395200301729408,
845,sample_845,,10000000000,,CGGAGGAGCUUCAGGUUCUUGUCAAUAAUG,0.5469182659402789,
846,sample_846,,10000000000,,GGCAGGUCCUGUGUCUGA,0.4754641601158494,
847,sample_847,,10000000000,,UCCACCUUCAGGGCAAAAUC,0.228407518,
848,sample_848,,10000000000,,CACUGAGGGGUGGCGGGAGGACAUUGCACA,0.755506256,
849,sample_849,chr17:64918937-64918986(-),330,0.8333333333333334,CCUCCGCCAGGACCGGCCAGGUGGCUGCAUCUGCCAAC,0.8661064558456164,
850,sample_850,chr22:50210725-50210789(+),130,0.7241379310344828,CGCAGAGCCCCGGGAGCCGCGGGAGGUCGCCCUCGCA,0.8698222440661709,
851,sample_851,chr17:8266761-8266834(+),220,0.85,CGUGGGUUCAGGAGCCCGACCCGGUGGCCCCU,0.7785810997721696,
852,sample_852,,10000000000,,AGGUUCUGUGUCUUUAUCAUCUGUA,0.1173408849835662,
853,sample_853,,10000000000,,GAGGACCAUCUUCAGGUUGGAACUCCUGG,0.8773570337457895,
854,sample_854,chr10:87306862-87306884(-),110,0.9444444444444444,AAGGCACCCCCUGGGAAGACAGGCAGG,0.8385267158935925,
855,sample_855,,10000000000,,GCUGGAAGUCCACGGAAGGCACCGGGAUCGAACCC,0.963151358,
856,sample_856,,10000000000,,GUCAUCGACGUGUUCCUGGCCGAG,0.7579629509396723,
857,sample_857,chr11:119089689-119089747(+),30,0.7333333333333333,GCUGUGGAAGCUCAGAGGGCAGGAGCGCCAAGGGGGG,0.8200023296587645,
858,sample_858,,10000000000,,GGUGGCAGGUGGUGAGGACGCACA,0.8656658499336831,
859,sample_859,chr15:52568834-52568901(-),34,0.7931034482758621,CGGCGGGAGGUCCAGCGCCUCUGGGGGGCGGCUCCGCGGAGGAGCGGGAGGUGGCCGAG,0.925848753,
860,sample_860,chr1:156295511-156295553(-),260,0.7878787878787878,CCGCAGGGGAAGAAGCCGCCAAGGGAGAGCCCUG,0.9412718587557544,
861,sample_861,,10000000000,,GGAGCGGGAGUGUCUGACUCCUGGCCCGGUGGGCCC,0.6978231275438327,
862,sample_862,,10000000000,,CCCAGGCCCCUGUUCCA,0.3640355088480954,
863,sample_863,,10000000000,,AAAGGUGGAAAAGAAGAUCU,0.8475079575586564,
864,sample_864,,10000000000,,CCUCACCCGGAAGCCGAG,0.7665578657294855,
865,sample_865,,10000000000,,AAAUCUAAGAAGAGGUCCACUUGCAGAUAGGUAA,0.6406211099937764,
866,sample_866,,10000000000,,GCCGCUCCGCCGGACCCCGAGCGCCCCGCCCCCGGCCCCAG,0.8970771972280621,
867,sample_867,chr8:644174-644246(-),7100,0.9333333333333332,GUUCUCCUGGCCCCGCCCCCCA,0.3929756209294482,
868,sample_868,,10000000000,,AAGAAGUGGUUGCCCUCCUGUGUCACUCACGCUGUCUGGUCC,0.5655749535152771,
869,sample_869,chr1:21754632-21754697(-),36,0.75,CCGCUGGCCCCGCGGGGCAGGAACCAGGAGACCCAGAUGCUGCCGCC,0.9241366198483502,
870,sample_870,,10000000000,,AAGGGAUUCCCACUGACUCUGAAGGAAU,0.7458551555961459,
871,sample_871,"2327;chr11,65658373,65658433,+",38,0.9,CGGAGCUGCAGGGCCUCCUGCGCAAU,0.8033765667883787,
872,sample_872,,10000000000,,CCAGAUCCUGCUGGAGAGAGGAGCAGAAAGGGCGUGAAUGGA,0.8450437280239083,
873,sample_873,,10000000000,,UCUUCCAAGGCAGGAUCUGAACCCUCUGAC,0.7508510048061113,
874,sample_874,chr19:55247005-55247068(-),310,1,UCUCGUCCAGCAGCGAG,0.6710938545911752,
875,sample_875,,10000000000,,GGUGGCUGGUCCUGUGUCUUCAUCUGGUUGUCUUAUGAAGAC,0.4858099084416616,
876,sample_876,,10000000000,,GAGUCCCUGCUUGAGCUGUGGUGGGUCCAGAAGGACAAAAGCUUCAUGUGGCGGAGGAUCC,0.760113502,
877,sample_877,,10000000000,,CGUGGAGGCUGCACUGCUGGCAGUGUGACCGCCAA,0.7910241697237835,
878,sample_878,,10000000000,,GGCAGGUGCAAGAUGGAGCUGGA,0.8626620014954676,
879,sample_879,,10000000000,,GGAGCUGAACGACACGGUGA,0.8727109668236528,
880,sample_880,,10000000000,,UCCUGUUCCGCUCAGGCACCUGCACC,0.4278154838370342,
881,sample_881,chr15:72202860-72202904(-),150,0.7857142857142857,UCAGGGUCCACAGGGAGGUAAAGGUAAGGCAGGAGCAUGU,0.5767373546022053,
882,sample_882,,10000000000,,CGUGCUGGGCCCUGAGCAC,0.6279937783764914,
883,sample_883,"21253;chr20,29873180,29873228,-",43,0.8888888888888888,AGCGCCUGCUGGAGAAGUCCAAC,0.8698594995908161,
884,sample_884,chr20:32434644-32434717(+),11000,0.7857142857142857,GCUUCUGUGGCCGCCCCCACCCCCACCCCGAUCACCU,0.3751813132031869,
885,sample_885,,10000000000,,AGCAAGGAGCGCCACUGGCAGAGCGACGCCUCGCACA,0.9180222104364496,
886,sample_886,,10000000000,,AAAGACCCUCCUCGUCCCUAGACCAA,0.3398598903170403,
887,sample_887,chr20:45857820-45857863(+),12,0.7297297297297297,GGACCAGGAGCAGAUUGUCAGGGAGGUCGACGACGGCUUCAAGAGCUACGAGGAGAUCGACCAGG,0.9703807528666388,
888,sample_888,,10000000000,,AAAAGUGGUUAUGCCCCUCCAACGGCACAGCCCUGGA,0.265610379,
889,sample_889,chr19:39407799-39407848(+),92,0.8571428571428571,CCUGCACCCAGACCCUGGAGACUGAGCCUCGCUGGAGGU,0.7653116624944322,
890,sample_890,,10000000000,,AAUGGAUGGGAAGAGU,0.9128354834022748,
891,sample_891,,10000000000,,GAUGAGAAUCUAGCGCUGUAUCUC,0.5666214312319718,
892,sample_892,,10000000000,,CCGCAGGGAGUCCCAGGU,0.7057540038798906,
893,sample_893,,10000000000,,GCAGGUGUGGGGAAGUGGAGAG,0.8286916478611556,
894,sample_894,,10000000000,,GGGCGAUGAUCUGGUCCAGCGCGUCGGGCCACACGUCG,0.8324247652386781,
895,sample_895,,10000000000,,CGCACUGGCACUGGCAGGGAG,0.7000652613272095,
896,sample_896,chr21:46146273-46146322(-),90,0.8125,UCUGAGAAGAUGAUCGGCCGGCUGGCCGUGGCCGCCCUGCGCCGCUUCGCCAA,0.9431102536133044,
897,sample_897,"6551;chr19,36726588,36726628,+",790,0.8571428571428571,GGAGGGAGGCACCAGGUAAUG,0.6553845119188861,
898,sample_898,chr11:110230539-110230608(-),2500,0.75,GUGUGAGUGUGAGAGUGU,0.2519573279865976,
899,sample_899,chr7:138460937-138460986(+),5300,0.9444444444444444,GCCCGCCCCCUCCUGGUCCUA,0.4531798067923702,
900,sample_900,"3815;chr14,102510948,102510999,+",140,0.9,CCAGGAGGGCCUCUGGGUGAC,0.6922478743547722,
901,sample_901,"19332;chr17,74093941,74093998,-",24,0.8695652173913043,CCCAGGUGCACCAGGACCACGUCCU,0.7886826371864795,
902,sample_902,,10000000000,,GAUUGGAAAAGAAGUUUGGAAUAA,0.6616496906657003,
903,sample_903,chr1:230080289-230080332(+),260,0.7297297297297297,CCCAGGUGGAGAAGGGGGGACCUGGCUUGAGGUGGGAAGAGUGCU,0.8231810469052362,
904,sample_904,chr4:763346-763379(+),66,0.7777777777777778,GUGGCCGAGCUGCUUGCCCAAGGGAAGAGUGCU,0.8661509857514846,
905,sample_905,,10000000000,,CCGGAAGCCCUCAGAAUGA,0.7078564732782108,
906,sample_906,chrX:291570-291613(+),12,0.88,GCAGGUGCACCAGGUGCGCCAGGGCCUGCACGAGUACCUAAAGGUGGGUGCCUGCCGGCCGGCU,0.6401460343096834,
907,sample_907,,10000000000,,CAAGAAGAGGAGCUGGUCCAACAGG,0.9415895039096238,
908,sample_908,,10000000000,,GCCGCAGCGCCUGGAAAAUGA,0.809516727,
909,sample_909,,10000000000,,AAAAGCCCUCGGGGAGCUGCUGGCUUGCCCCGGA,0.7054141655314768,
910,sample_910,,10000000000,,AGGCCGAGCUGGAAAAGAA,0.8354252384457175,
911,sample_911,,10000000000,,GCCAAGGGUGGCCCCACAGCCCCCAG,0.4213661646628046,
912,sample_912,,10000000000,,UGGAGGCACCAUUAACGCCAAGGCUGGA,0.6108761215194448,
913,sample_913,,10000000000,,GGAGGACCUGCUUCUGC,0.8425786482569069,
914,sample_914,chr19:17555825-17555875(+),70,0.8181818181818182,CGGGACGGAGGUGCGCCACCUGCUCGCCCGGAGCGCCUCCUGGCUCCAGAGCGCCUCGGGUGCCGCGGAGCU,0.9605934852137822,
915,sample_915,,10000000000,,CCAGGACCUUCUCCUGCGCCUCCUU,0.7383864220474002,
916,sample_916,chr17:44123552-44123594(-),120,0.9444444444444444,GGAGGGAGGUGCUGCCGCCGCGGGGCUCGGGGGCU,0.7640334109571995,
917,sample_917,chr16:304346-304400(-),4.2,0.7714285714285715,AAUGGCCGAGGAGCGGGUCCAGCGCCUGGUGGCUGAGCGGGA,0.9168587267992988,
918,sample_918,"25121;chr8,61850333,61850386,-",4000,0.8,CUGGAAAAGGAGGUUGGGAAUCU,0.8598231108386237,
919,sample_919,chr7:6421725-6421787(-),380,0.9411764705882352,GGAGGGAGUGAGAGUGUGAGGUGCAGGGUUUAGGGUUGGAUC,0.5253119472552334,
920,sample_920,chr1:10541515-10541542(+),47,0.9444444444444444,CAGCAAGGAGCUGCUCGUGG,0.8243720018226572,
921,sample_921,,10000000000,,GCAGGUGGUGCCUGCAGGGUCACGUGAGGGGAGC,0.6369910682958926,
922,sample_922,,10000000000,,CCAGGAUCAUGUUGACCCUAAAUU,0.3856420570059141,
923,sample_923,"10932;chr6,149915535,149915578,+",25,0.85,GGACCUGGAGCGACGGAAACGGAAU,0.9739604572592048,
924,sample_924,,10000000000,,AGGAGAAGGAAGAAGAAGAGAAAAAAAAAAAAAAAA,0.6343269088023284,
925,sample_925,chr14:104703167-104703216(+),41,0.8260869565217391,GGAGGACCUGGACGUCCAGGGUCAGGGCCU,0.9329336378283408,
926,sample_926,,10000000000,,CUUCUAAGGGUUUAGAGAAGUUCAUGUUGUGGUUCGCCAC,0.1447490801830306,
927,sample_927,,10000000000,,CCGCUGCCAAGGCCCCCCCAGAUGGCGACCCCUCC,0.6769418985538596,
928,sample_928,,10000000000,,GCUCAGGGACCUGUGCGUGUGGUGUGGGGGCAAGUUCUCUCCUCCAGCGGGUGA,0.5012228574920049,
929,sample_929,,10000000000,,GGAGGAGCUGCGGAAAGGAUGGGGAAAA,0.9629035332895513,
930,sample_930,chr12:120464068-120464121(-),2.9,0.7878787878787878,CACAGGAAGCUGGAGGGAUCUUGAGGAUCACACGCUUCAACUAUGG,0.8445362935374763,
931,sample_931,chr19:58451673-58451706(+),2100,0.8181818181818182,CCGGCCCGAGGCGGGCCGUUAGGCAGG,0.6512602900445718,
932,sample_932,,10000000000,,GGUGGUGGGAUUUGUGGAGCUGCAAGGG,0.7930802715960156,
933,sample_933,,10000000000,,CCGGCACCGGCACCGGGA,0.711935357,
934,sample_934,,10000000000,,AAGGCAGGGGAAAAGGAAAAGGGAGGUAAGAACAGGUUUU,0.6304847029904702,
935,sample_935,chr11:65333867-65333913(+),18,0.9090909090909092,CCGCUCGAGCUGGGAAGAUGGCGGCUGUGAGA,0.9442162223379388,
936,sample_936,,10000000000,,CGCAGCGCCCCCUCCGCCCCGCCCCCGGCCCGC,0.5695236688907044,
937,sample_937,,10000000000,,UCCGGGUUGCCCGCCGCUCCCUGGAUGAGUCGCUCCAGAUUCCUCACUCCUGGGCCCGGGGA,0.6996884176515611,
938,sample_938,chr17:44123552-44123594(-),180,0.8148148148148148,CCGGCGCCGGCGCCAGCGCCACCUCGACGCGGGGCUCCACU,0.8169610200972467,
939,sample_939,,10000000000,,CCGCAGGUGGUCCGCGCCG,0.72804541,
940,sample_940,,10000000000,,CCGGAUGUCCCGCCGUCUGUCUCCUCCGCCU,0.7508414054364707,
941,sample_941,"23557;chr5,176893915,176893972,-",2700,0.7,CGGCGGGCAACACCUUGUCCUUCUGCUACAGCUGGUGGGUGCGCCACUCGCGCUGCGCCGGGAGCUCGCUCU,0.6773336080604196,
942,sample_942,,10000000000,,GCCCCCUCGCCGCCCUGGGAGUACGUCAUCAAGGA,0.6947567765255989,
943,sample_943,,10000000000,,CUCAGGGCCAGGUGCUCAGGAUCAUGUUGCAUCUAAUGUCAA,0.3913557355833291,
944,sample_944,,10000000000,,CCCACUGGCUACUUCUGAA,0.490696097,
945,sample_945,chr11:62140736-62140782(+),920,0.875,CCCACCCCGACGAGGAGCCGCACAUCC,0.9141869369012796,
946,sample_946,,10000000000,,CCAGGAGCUGCUUACCCACCACGAG,0.7388367627792611,
947,sample_947,chr14:21081910-21081944(+),58,0.8846153846153846,GGUGGCUGGCGGAAGAGGGCCGGAGCUGGCUCCUUC,0.9558794351849322,
948,sample_948,,10000000000,,GCCGGGACCGGCUCUGGCUGGA,0.9111260484251557,
949,sample_949,chr10:79347690-79347745(+),130,0.7222222222222222,GCCACUUGGCCGAGCGGGUCCUCGUCCUCGCCGACGUCGACACCCU,0.9012164092058454,
950,sample_950,,10000000000,,CGCGGCAGGUCCUGUGGAAGCUCGGGGAACUCGUCCAAGU,0.8808923970943212,
951,sample_951,,10000000000,,GCUCCUGGCCCCGGUGCAG,0.6592938355308389,
952,sample_952,,10000000000,,GGUUCUUUAUAUGACUUUACUCUA,0.054678822,
953,sample_953,,10000000000,,UCAGGCAGGGUCACCCGCGUGGCCUUCAGUGAGCUCUGGGUGAAGCCAUCAACCUGACUCUGUGGAGAAA,0.5475321248573506,
954,sample_954,chr20:63592593-63592654(-),5.3,0.8461538461538461,UCCAGGAGUUCGCCCAGGAGUUCCCCCAGGAGUUUGACCAGGA,0.6842228804007727,
955,sample_955,chr13:37004512-37004562(+),11,0.84,AAAGGAGAAGGAAUUCGCCGCUCCAUCAACAGCGCCAAGGC,0.844427191,
956,sample_956,pos_RBD_v3_155117,400,0.8947368421052632,GAGGCCGAGGGCCGCGCAGAGCG,0.8302740636620216,
957,sample_957,,10000000000,,CGGACCCCCACCUGCAGGCUCCGGCUGGUCCGGCUGGAGGGGGGGGAACCGAUGGAGA,0.9296873203556262,
958,sample_958,chr7:5529179-5529250(-),240,0.782608696,CCUCCAGGGGAACCUCGGGCAGCAGGUCCU,0.7271341026615528,
959,sample_959,chr5:842613-842637(-),89,0.8571428571428571,UCUGAGCCCUUCGGGGUGAAGGGCAA,0.5371538920654736,
960,sample_960,,10000000000,,AAUGGAAAAAAAAACUA,0.3634851492684012,
961,sample_961,,10000000000,,GACCCCCUGGACGAGAUCCUGGAGCCAGGAGGGCGACAGAGGGAUGUUCAGCCUGAGUGCA,0.9365919102698578,
962,sample_962,,10000000000,,CGCCCUGGCCCCCCGGCAC,0.5471349072209671,
963,sample_963,,10000000000,,GCUGCUGGUCCUUUGGGGAGCUUGGCCACAU,0.6946686943457636,
964,sample_964,chr4:17512010-17512085(-),2300,0.9375,CCGGCGGGAGCCGGGCAGGGUGU,0.7765740555018341,
965,sample_965,,10000000000,,GGAGGUGCUAGACAUCCGGGAG,0.639781949,
966,sample_966,chr17:18988332-18988374(-),14,0.9444444444444444,CGGAGGACCUGCUGGACGCUGG,0.9591286116490352,
967,sample_967,chr19:47375467-47375517(+),63,0.8636363636363636,GAUGUUGGAGGAGCACGUGUUGCUCA,0.8368503942024279,
968,sample_968,,10000000000,,GGAUCUGGCAGCUGCAAGGUAAAAGUGGAGGAAG,0.8508183119798316,
969,sample_969,,10000000000,,CCUCAUUCGCUGUGGCCAGU,0.5041936539322737,
970,sample_970,,10000000000,,UCUUGGACUAGAACAAGGACAUGGAUUGAAGAGCUGG,0.9370690793381744,
971,sample_971,,10000000000,,CGGAGGGUGCACCGGCACCAGCUUCU,0.6570801136640844,
972,sample_972,,10000000000,,GUCAUGGGCCGGCUGGAAGAGCGUCUUCCU,0.8803493166243973,
973,sample_973,,10000000000,,GGCACUGAGGGAAGCCAGGCCUUGGCAGGCCGAGGGGGC,0.7413837752656605,
974,sample_974,,10000000000,,UGGAGGCACAGAAAUC,0.6364568716427752,
975,sample_975,chr7:107210430-107210493(-),68,0.8571428571428571,CGCUGCACCUGGAAGCCCAAGGGGGAUUGGGGU,0.7891251285927334,
976,sample_976,,10000000000,,GGAGCAGUACCAAGCCCUG,0.701421163,
977,sample_977,chr22:29265501-29265554(-),4000,0.8235294117647058,GCACAUGGAGCUGGGUGCUGGCCCCGGCUUGA,0.7582814432870353,
978,sample_978,chr4:2699762-2699801(+),120,0.9090909090909092,CGAUGAGGAAGAAGAGGAGAGUCUAUGG,0.971166252,
979,sample_979,,10000000000,,GGAUGAAAAAGGAGACAAGAAGAGGGGAAGCUUC,0.9227292180680822,
980,sample_980,chr22:46658220-46658255(+),180,0.8,GGCACAUGGAGCGGGGCCCUGCACACGCUGCUCAGCUCCUGCCGCCGCUUCUACGCCAAGGGGAGCUUCC,0.6868295248864389,
981,sample_981,,10000000000,,GGGGCCUCGGGGAGGCCCCGC,0.6788980244906787,
982,sample_982,chr1:15630501-15630560(+),3.6,0.6938775510204082,GAGGACCUGUGUCUGGAGGACAGCAACCUGUCCCGGGAUGCUCUGCACAGUGGGGACA,0.9022960554833708,
983,sample_983,,10000000000,,CGAGGAGCUGGGUGGCCGAGGAGCCCGUCUGAA,0.9392642029705036,
984,sample_984,,10000000000,,AAGGAAAGGUCCAACAUCUAGAUGG,0.5769552158299935,
985,sample_985,,10000000000,,GGGGCCAAGGCAAGGAGAGAGG,0.7031437539787608,
986,sample_986,chr2:26793234-26793281(+),100,0.7419354838709677,CCAGGGGAACCUGGACGCAGGAGGGCCGGGGCCUGGAGGGGGGGCCCCGCUGGAGAGUGGAG,0.8900133417858789,
987,sample_987,chr7:74254321-74254386(-),4900,0.8095238095238095,GGAGGUGGAGGGCCUGUGGGGUGUCCC,0.6476121444516627,
988,sample_988,,10000000000,,GAGGUAAAAGAUUGCCUG,0.3339051292784307,
989,sample_989,,10000000000,,UCCAGCUGCAUCUGAAGAACCUCCUUC,0.7963762346360349,
990,sample_990,,10000000000,,GGACCUAAGCCGAGGCUGCUGUGAG,0.76535657,
991,sample_991,,10000000000,,GCUGCAAGCCCACCCCGACGACCGCCUCAGGCUGCUGAACGA,0.8624560123729549,
992,sample_992,,10000000000,,CAAUGGAGAAGGAAUCCACGGAAGGGUUUAGGU,0.8442953316367166,
993,sample_993,,10000000000,,CUGGUUGCCGAGGAUCUGUCUCUGGCUUAUGCGCUGCU,0.7858820023707213,
994,sample_994,chr11:64219584-64219627(+),41,0.696969697,GGGGCCGCUCCGGCACUCGCAGGGCGACGUCCAGGUCGCCCGGGUCGAC,0.8836922844959066,
995,sample_995,,10000000000,,UCUGAAGGCAGAUUCACUAGACUCUCGG,0.4277234691358197,
996,sample_996,,10000000000,,CCGCUGGGCCGACCUG,0.8171132137726036,
997,sample_997,,10000000000,,GGUGGUCGACGAGGUAAGCGACCGGCGGGACCGCCGC,0.9688085829313982,
998,sample_998,chr16:1787704-1787757(+),9.3,0.8636363636363636,GGCACAUGGACUACCUGGUUGUGGAAAAGGAC,0.869581165,
999,sample_999,,10000000000,,GCGGCAGGAGACCGAGGCGGCGCGGGCGAGCGCGGGGCCGCGC,0.9437504699715508,