,Query,Hit_Sequence,E-value,Identity,Query_Sequence,score
0,Sequence_3082,,10000000000.0,,CUAUAUACAUAAAUUUUAAUUUUUAUAUUUUUUG,0.9983164137634436
1,Sequence_782,,10000000000.0,,AUUUCUCAUUUACAUAAUCUG,0.9715732996424022
2,Sequence_1973,,10000000000.0,,CCCGGUGCUUUUUUUUUAUUUUCCAGG,0.7728192017349377
3,Sequence_3496,,10000000000.0,,AUGUAGGGUAAAUUCUUUGUCCUCAAAAG,0.0977929711227681
4,Sequence_3560,,10000000000.0,,AGGUGGUGAUUUAUUUUAAAAAUACUUGGAACCCG,0.3266760772316012
5,Sequence_320,,10000000000.0,,AAUAACAAUAUUACUCAACUUCAG,0.9671702435780934
6,Sequence_2741,seq_17439,690.0,0.8846153846153846,CUCUUGCAUUUCUUAUAUUUUCCAUAACUUUUUUUUUUG,0.982192755885644
7,Sequence_1527,,10000000000.0,,UUAUUUUAAUACUAUUCAUCAUUG,0.9878688544942548
8,Sequence_3586,,10000000000.0,,UUUUCAUCUUUUUUCCAUUUUAUCAUUAG,0.9983110619596072
9,Sequence_2624,,10000000000.0,,ACACUCAUAUAUACACUUUUU,0.930904864274478
10,Sequence_3272,seq_14599,280.0,0.8947368421052632,CAAUAUUUCUUCUCUUUCUCCUCG,0.9910978183623842
11,Sequence_4949,,10000000000.0,,UAUACAUCUCUCAUUGGAUGUCUGCAACUUUUUUGCAUCUG,0.3678906563257989
12,Sequence_3116,seq_29624,2300.0,1.0,UAUAUUUUCAAAAUUUCAG,0.9523051415910926
13,Sequence_3601,,10000000000.0,,UAUAUAUUCAUUUCUUUAAUUG,0.9805814024551271
14,Sequence_3501,,10000000000.0,,CAUGCUGUCACCUAUUCUAAUACUG,0.2431070431460691
15,Sequence_4291,,10000000000.0,,UAUUUCUGUAUCAACUUUUUUUAUUAAAUCCUCAUACAUUUUA,0.9743865708374132
16,Sequence_4035,seq_16622,140.0,0.7857142857142857,UUCUUUCACAUAAUCUUUUUUUUUAAAAUUCUUG,0.9987620551960478
17,Sequence_1125,,10000000000.0,,UUUUUCUCUCUUUUUUCCACG,0.9941610870298472
18,Sequence_2770,,10000000000.0,,UUUAUUUUUAUUUUCUCUCAUUUUCUUUCUUG,0.9996491717378092
19,Sequence_4512,seq_38943,75.0,0.8076923076923077,GAGUGAGAACUAUUUUAUUAAUUUGUUUAAAUUCAAUUUUGA,0.6553252931790863
20,Sequence_429,seq_14601,2800.0,0.9230769230769231,ACAAUUUUUUUUUUAAUCCUG,0.9872796558658588
21,Sequence_1110,seq_29456,1600.0,0.95,AUCUCACUUUUAUUUUUUUUAACUUUAAG,0.9976914829548572
22,Sequence_4774,seq_37193,410.0,0.75,CAUGAGAUCUUAUUCAUAACUAAGUAUAAAUAUUUUUUUCAUCG,0.8916376551188699
23,Sequence_1424,seq_34967,520.0,0.95,UUUUAUUUUUUUACUAAAACUAUA,0.9886969927366152
24,Sequence_1407,,10000000000.0,,CCAUUUUUAUUAUUUUCCUCUUAUUUUUUUUG,0.999361463072419
25,Sequence_1324,,10000000000.0,,CUACUUUUUAAAUAUUUUCUUAG,0.9847257421837246
26,Sequence_4450,,10000000000.0,,CUCUCAAAUUAAUUUAUUUUUUAUUAUUUUAUCAG,0.9989600294863498
27,Sequence_4436,,10000000000.0,,UAGAUUGCAGGGGAGGGAGAAUUGAUAUAAUAAAUUCCUUGUAAUUAUUG,0.2156424208917058
28,Sequence_4147,,10000000000.0,,AAACAACUAAUUUUCCACUUGUUAAUGUUCUUUCUCCU,0.6333254879301976
29,Sequence_1290,seq_32493,150.0,1.0,UAACUAUAUAUAUAUAUAUUCUCCUG,0.979492082979929
30,Sequence_1132,,10000000000.0,,CCAUUUCACUAUUUCAACAUCCAUAAG,0.9707124583089668
31,Sequence_2832,,10000000000.0,,GUUUUUAGGGUCUUUCUCAUUGUUUCCACUGGGACCCUGUUCUACAUG,0.2961236336622885
32,Sequence_1181,seq_7491,1500.0,0.8947368421052632,UACUUUCUUAUUACUUUUUUUUUUAAGU,0.9964277801996744
33,Sequence_2920,seq_25286,51.0,0.9545454545454546,AUAUACAAUUAAAAUUAUUUAAAGAUACAAAUG,0.6529770384591254
34,Sequence_4446,seq_13259,650.0,0.9090909090909091,AAUUCCUUUUUAUUACAUUUUCCUUAG,0.9961512596028518
35,Sequence_4429,,10000000000.0,,AUUUUUCUAUUUAAUCUAAUCUU,0.9850376408272138
36,Sequence_2965,,10000000000.0,,UUAAAACAUUUACAUAUACUAG,0.948476867349662
37,Sequence_2596,,10000000000.0,,CUACUUUCUUUUUAUUUAUUAUCUUCCCC,0.9946708660538234
38,Sequence_3180,,10000000000.0,,UAAUUUUUCAAAAUCAUUUAUG,0.9728351480157283
39,Sequence_4816,,10000000000.0,,AUACUCAUAUUAAUUAUUAUUUUUCUAAG,0.9968976679513984
40,Sequence_1268,,10000000000.0,,AUUUAUUUACAUCCUUAUAUUUUUCUCCAG,0.998403578088458
41,Sequence_2326,,10000000000.0,,CUUUCAUUUUUUUUAUAUUUCUUCAG,0.9972454674768232
42,Sequence_2989,seq_35904,1800.0,0.7777777777777778,ACUCACCCAUUUUUUUUUUUUUUUUCCUUUG,0.9980435546570192
43,Sequence_4470,,10000000000.0,,CCAUAAUUUUCUCCAAUCAUUAG,0.9653124132426985
44,Sequence_2822,seq_15259,1200.0,0.9444444444444444,UAAACAUUUUAUAUUUCUUUUUAAUA,0.9913237010142362
45,Sequence_1121,seq_45912,620.0,0.8214285714285714,UACCACUAUCAUUUUAAAUUUAUUUUUAUUUUUAUG,0.9989842675795064
46,Sequence_634,,10000000000.0,,ACAGUUUUAAUAUUUUCUCCAGCUCUAAG,0.5911602007027552
47,Sequence_829,,10000000000.0,,ACUUUUCUUUCUUUUAAAUUUUACCUUUUAG,0.9987352638006516
48,Sequence_963,,10000000000.0,,UAUUCUUUCUUCCAAC,0.9311464300143512
49,Sequence_3132,,10000000000.0,,ACACUUUAACUCAAUACUAAAUUUUAAUCACUUUCU,0.9969322853607993
50,Sequence_1736,,10000000000.0,,UACAUUAUUCACUUUACUACAUCUACAAAAG,0.9927224034282066
51,Sequence_400,,10000000000.0,,GGAUUUAUAUUACCAUUUAAAUAUCAG,0.70913429787334
52,Sequence_937,,10000000000.0,,CCUAUUUUCAUUUUUUCCCUAAAAAU,0.9834291253857552
53,Sequence_3236,seq_35494,3500.0,0.9411764705882353,ACUUAAUUUCUUUUUCUUCAAUUUUUAUUUCAG,0.9995360718239504
54,Sequence_1036,seq_31609,1000.0,0.8636363636363636,UAUUUAUCUUUUUUUUUUAAAACCUUCAUA,0.9969081099881926
55,Sequence_2388,,10000000000.0,,CAAUGGGGACAGCU,0.0089067436340677
56,Sequence_4017,,10000000000.0,,AUUUAUUAAAUCUCAAAUUUCUUCUUUUAAAG,0.9971119774746112
57,Sequence_2708,,10000000000.0,,UCAGCUUAUACUUUUUCUUUUUUCUCCUCAUGGACAG,0.9676907852363622
58,Sequence_3524,,10000000000.0,,UUUAACACCUACACAAUAAUUUUUA,0.9472662340241096
59,Sequence_2604,,10000000000.0,,AUCAUACUAUCUCUAUUCAG,0.9488903417007216
60,Sequence_3985,,10000000000.0,,CUCCCUCCUUUUUUAACUAG,0.844771466880822
61,Sequence_1466,seq_36542,530.0,0.9565217391304348,CUAAAUGAUACUUUAUUUUAUUUUAAUUAUUUUAAAACUAG,0.9866677841161048
62,Sequence_2762,seq_25241,100.0,0.8518518518518519,GAUACCUUUUUUUAUAAAUCAUGUAACACAACGGCUGCCC,0.5002303539057356
63,Sequence_3467,,10000000000.0,,UAGGGGUUACUUAUUGGACUUUAGCAUUAGUUGUAUUUUACGUUAUUUUAGAGCAUU,0.4651572526141859
64,Sequence_2644,,10000000000.0,,UCAACAUAAUUUUUUUCUG,0.9676945372124812
65,Sequence_2141,,10000000000.0,,UAAUUCAUUUAUUUUUAUUAUAUAUUAUUUAAG,0.9988771461136065
66,Sequence_95,,10000000000.0,,UUCUCUAUCAUUUUAUUAACCUUUG,0.98995902328812
67,Sequence_3938,seq_27725,3000.0,0.8571428571428571,UUAAUUUUAAACUUCUUUUUUUCUAAAAAAG,0.9968532072532342
68,Sequence_4269,,10000000000.0,,ACCAAUAAAUUAAAAG,0.5888889748314231
69,Sequence_244,,10000000000.0,,UCAAUUUUCCUUAUAAGUACUACGUUAUUUCUUUUUGUUUAUAUUCUGCAAUUCUAAUG,0.9957405692470948
70,Sequence_3968,,10000000000.0,,UCACCAUUUUACUUUCUUUAA,0.9683784627386576
71,Sequence_4820,,10000000000.0,,UCAACAUUUUUAACAUUCACAACUUGCUCCACUGCG,0.7906529825584767
72,Sequence_66,,10000000000.0,,CAUAUUCCAAUCUUUAAUUUUCU,0.9742045353811511
73,Sequence_362,,10000000000.0,,UUUUUAAAUUAAAUAAUUUUUUAAAA,0.9819178625405692
74,Sequence_3716,,10000000000.0,,UCUUAAUUAUUCUUCUCAUUAACUUAA,0.991670691335605
75,Sequence_3884,,10000000000.0,,UUUUUUUCCAACUCACCUCUUUAUUUAUAACCU,0.9962744723050664
76,Sequence_52,seq_1591,350.0,0.875,UUUUUCCUAAAUUUAAUUUCUUUUUUUCUACUUUAAAG,0.9997111613299634
77,Sequence_980,,10000000000.0,,AGACAUUUAUUUUCUCUUGUUUUGUUUUAUUG,0.8763749084448257
78,Sequence_1265,,10000000000.0,,CUAUUCUUUUAUUAUUUUUUAAU,0.9891344428655796
79,Sequence_4632,seq_18823,550.0,0.9523809523809523,UCAUUCAUUUUUUAUUUUUUUUACUUUCCCAAUUUUUUAAG,0.9999167655733604
80,Sequence_1352,seq_41959,920.0,0.8695652173913043,UUUUUUUUUUUAUUUUCUCUCUCCCAUUUUCUCCU,0.9994990141323744
81,Sequence_1864,seq_44186,2200.0,0.8823529411764706,UAUUUUUAAUUUUUAUUACAUUUAUUAUAA,0.9977050112859792
82,Sequence_2267,,10000000000.0,,UUAACCCUCUUUUUUUAUUUUACAUACUUACCAG,0.9988726190222442
83,Sequence_4752,,10000000000.0,,GAUUGAUUCGGCUGCUAACUUGCUUCAGUUUUUCAAUGGUU,0.3145704734923949
84,Sequence_954,seq_32719,740.0,1.0,UUUUCUUUUCUUUUAAUCUAAAAUG,0.9911521440173068
85,Sequence_4326,seq_10415,790.0,0.9047619047619048,UUUUAUUUCUUUUUCCCUUUUAAAAG,0.9945604706000766
86,Sequence_3472,,10000000000.0,,CAUUUCUAAUUUUCUCUUCUAUCAUUU,0.9934593878794488
87,Sequence_153,seq_5945,1200.0,0.8095238095238095,GUAUUGUUCAGUUGGUUUUACCUUCUGUUUUAAAAAAAACCAAUG,0.6216556382826378
88,Sequence_341,,10000000000.0,,UCAUUCUAUUAUCUAA,0.8657660568120322
89,Sequence_1561,,10000000000.0,,UCUUACUAUUUCUUCCUUUUAUCAU,0.9914433730498896
90,Sequence_1786,,10000000000.0,,AAUUAUUAUGCUACAAAACAUCAUCAGUCUUUUUAUUUUAUUUCACAUUUG,0.994593001006176
91,Sequence_1608,,10000000000.0,,UUUCAAUUAUUUUUAUCAAUUCCAG,0.9898415686871316
92,Sequence_1833,,10000000000.0,,UAUUUUAAUUAUCUUAUUAUUUCAUUACA,0.9970392947936672
93,Sequence_606,,10000000000.0,,CUUAUUCAUCCUUACUAAAAAUUUUAG,0.9760567001732248
94,Sequence_3575,,10000000000.0,,UUUCAUUCCCAGGGCAUUUAAUUUGAUAUG,0.3045335340140793
95,Sequence_2705,seq_6418,24.0,0.88,UAAAUCCCAUAUAUCCAUACAUAAUUUUUUUUUUCUUG,0.9991884342619908
96,Sequence_3671,,10000000000.0,,ACUAUUAAUAUUGAUGGUGUUCUUCUUUUUUUCUAUGUUCUUUAUGCUUUCU,0.93636610173821
97,Sequence_3827,seq_1491,300.0,0.8888888888888888,UAGUUAGUUUUCCUUUUUACUUACCUAUUUAUUAUAUUUG,0.9900096538499946
98,Sequence_2205,,10000000000.0,,CUACGAUGUUGAGACUCUGCUGAACCCUUCAUGUUCUCUCUUGCCAUUGGCAACUU,0.0528267619651285
99,Sequence_3285,,10000000000.0,,AGGUACUUUAACUGUGUAGACGGCGGA,0.2859510921091255
100,Sequence_317,,10000000000.0,,GUGUGGAGAUAUUAUCUUCCUAAAAUUUUAUUUUUG,0.7420360150777221
101,Sequence_3207,,10000000000.0,,CUGCAUCAAACUUCCUCCUUAUUUUUCACUA,0.7946630566756341
102,Sequence_338,,10000000000.0,,AAACUCAAAUUUUCCUUCAA,0.9213949751113752
103,Sequence_3802,,10000000000.0,,AUCAUUUUUCAAUUCUUUCAAUUG,0.987084786492112
104,Sequence_4492,,10000000000.0,,UCCCCAUUUACUUUCAAUCAAA,0.8477066581001085
105,Sequence_3918,,10000000000.0,,GUUACUUUUUUAAUUUUAUUAUUUUUCAUUUUGUUUCUG,0.9945089438734742
106,Sequence_4732,seq_8612,1800.0,0.8333333333333334,AAAAAUUAUUAUCACUUAAAUUAUUUUUAUUUUUA,0.9985472097501032
107,Sequence_4012,,10000000000.0,,UCUAUCUAUCCCAAU,0.7686411784818434
108,Sequence_3409,,10000000000.0,,CUACACUUUCUUUUUUUAAUUG,0.9768303866127426
109,Sequence_2893,seq_3514,2800.0,0.8518518518518519,UAUCUACUUCUAAAUUUAAUUUUUAUCAUUG,0.9966588410967596
110,Sequence_2696,,10000000000.0,,AGAACAUCGUCUUCUCAUCCCGUAGCGAGUCACUUG,0.2455663405757319
111,Sequence_4757,seq_30755,930.0,0.8421052631578947,CAUAAUUAAAAAAUAAUCAACAAAAG,0.868873668794034
112,Sequence_1944,,10000000000.0,,CUUCUCAUCUUUCAUUCUCAC,0.9581029589601368
113,Sequence_4441,,10000000000.0,,AUCAUUAUUAAAUUUUCAUU,0.9384216528199604
114,Sequence_2241,,10000000000.0,,AAAAUACUAUGUCUUCUUACAUCUCUGCCUAUUUGUGAGACCAC,0.3495448592521812
115,Sequence_3676,seq_2404,1400.0,1.0,CUUUUUACCUUCAUUUGUUUG,0.736366571714323
116,Sequence_3464,seq_25259,990.0,0.9047619047619048,UGGUAUCAUUUUAUUUUUAAUAUUCCUUAAG,0.9369815356089618
117,Sequence_651,seq_7763,270.0,0.7931034482758621,UACUACUUUUUUUUUUUAAUUAUUAACAUUAUACUUU,0.9996187270971396
118,Sequence_1124,,10000000000.0,,GUUUAAAAAACUUUAUAAUUAUAUUAAAACUUAAACG,0.967435147583004
119,Sequence_1806,seq_35871,1200.0,0.8888888888888888,AUUCUUCUUUUUCUUCAUUUUACAUUUCUUG,0.9991519939913666
120,Sequence_2099,,10000000000.0,,AGGAGGCAGAUUAAUUUACAAUAUUCAUUUAUG,0.6667165993069568
121,Sequence_3602,,10000000000.0,,UUCUACCAUUUUUCUG,0.9137299778510892
122,Sequence_1555,,10000000000.0,,UUCGUAGGGACCUUUGCAUAUCUCAUUAUCAAUUAUUAAAUAUUAUUG,0.9162991214067954
123,Sequence_2245,seq_24950,2400.0,0.85,CCUGACACUUUUUUUUUUUUAUGCUAAUAAAG,0.6676362719753384
124,Sequence_4881,,10000000000.0,,AACAUUCCCUUCUUUCUUUA,0.9410733250811484
125,Sequence_1994,,10000000000.0,,UAUUAUUUAAAAAUAAUUUAUAUUAUUUUCUUAAAUUUCAGA,0.9992785545319174
126,Sequence_987,seq_21412,710.0,0.8076923076923077,UUCUUAUUUCUAUUUUAACUUAUUUAUUCACUA,0.999018553436442
127,Sequence_746,seq_37314,740.0,0.95,ACCUACAUUUUCUAUUUUUAUAUAG,0.9844405719094532
128,Sequence_18,seq_17181,140.0,0.9444444444444444,CAUUCAUUCAUUUCUUCACUUUAUUG,0.9921861562064276
129,Sequence_1768,seq_12127,590.0,0.84,AGAUCUCAUUAUUUCUUCCUCAUAUUUCAUUUCG,0.987478785340882
130,Sequence_2244,,10000000000.0,,UUGACAUAAUUUUAGAUAACCUAUUUUUACUUCUG,0.7947543799760577
131,Sequence_4528,,10000000000.0,,CAUCUUCUUUUUUUUCG,0.9843013677642002
132,Sequence_826,seq_20556,3100.0,0.8095238095238095,AAAUCCUUCACUCUUCUUCUCUUUUCUG,0.992103735031428
133,Sequence_1127,,10000000000.0,,UCAGGGUUAUAAACUAUUCCUAUUGAACUG,0.2131443332548627
134,Sequence_60,,10000000000.0,,UGUUUUUAUAUCUUCCUGUGUAUAAUUUGUACUAUAUUCAGAGUGUUGUCUGG,0.743896211021126
135,Sequence_4573,seq_25413,130.0,0.9545454545454546,UUUUCUCAUUAUUCUUUUUAUUCAUCCCAUUUUAAC,0.9993743493901726
136,Sequence_1611,,10000000000.0,,UUGUAUUUAGCAAUUUAUCACUAAUUUUAUACCCACUUGAAAA,0.6383684615061854
137,Sequence_3200,,10000000000.0,,UUCCUACAUUUGUUUAAAUUUUGUACUGUCCAUAAUUUUUACUGUGACUGUGCAUG,0.7803112008639089
138,Sequence_923,,10000000000.0,,GCCCUACUUCCUUUCAGGAUCAG,0.1025855899327057
139,Sequence_4341,,10000000000.0,,CUUAUUUUAUUUACUUUUAUCACCUACUACU,0.9978362726833516
140,Sequence_1266,,10000000000.0,,GGACUUAAUAUGUAUGUACAUCCAGUACUUUCAAUCUUAAAAUUAUAG,0.5139243537124762
141,Sequence_4160,,10000000000.0,,UAAACUACUAAUAUACUUUUAAUGUCAAAACUGAAACUG,0.6689798848090723
142,Sequence_1505,,10000000000.0,,CAUAUAAUAUUUUUUUUACUCCUUGCCG,0.959159786536186
143,Sequence_4842,,10000000000.0,,CUAAAUAAUCACUUAUUUUU,0.9232808640501732
144,Sequence_3317,,10000000000.0,,UGAUUCUAAACAUACUUUUUUUUAACCCUGUUUCCUUUUCCGUGCUCUUG,0.9894572378930828
145,Sequence_4389,,10000000000.0,,AAUUCUUUCUCUCUAUCUAAUUUUUUGUUUUUUUG,0.9813953002934588
146,Sequence_3545,,10000000000.0,,AGACUUUUUUUCCCUCUGUACACUAUUGGCCUCAUUUCUG,0.793341065720176
147,Sequence_155,,10000000000.0,,CUCACAAUAAUUAUUAUAUUUCAUUUUUCCU,0.9933988450240612
148,Sequence_3103,,10000000000.0,,CAGUUGGGUUGGGUGGGUUGCACAAAUUUGCCACUUUGUGUUUUAUUCACUUUUUCUGUUAAAAAG,0.8470285467619691
149,Sequence_2787,,10000000000.0,,AUCAUAUUUCCCAAAAACUAUUUAUUUCAUG,0.9936773287199464
150,Sequence_2715,,10000000000.0,,AUCCUUUUAUAUAUCUUCU,0.9411311633755284
151,Sequence_3309,seq_28841,170.0,0.75,CCUAAUCUUUCUAAUUUUUUUUCUCCUUUCUUCUCUUC,0.9996154159274152
152,Sequence_4523,seq_6636,300.0,0.8636363636363636,CAUCAUUUAUUUAUAUACUUUUUUCUAG,0.9969185328421096
153,Sequence_1543,,10000000000.0,,UUCUUCUACAUAAUCUAUAUUAUAUUAAAAUUCAAUUCCUAG,0.9988464435855976
154,Sequence_4057,,10000000000.0,,AUUCAUCUUAUCUAAUCCAUUAUAG,0.9791993793263654
155,Sequence_4677,,10000000000.0,,CUUUUUCCCUUAUUUUAG,0.9478729385502126
156,Sequence_3143,,10000000000.0,,CGGAAUAGGGUUUUCGGUCGGCUGCAGUUCGCUCCU,0.037418857778682
157,Sequence_2428,seq_25624,490.0,0.8148148148148148,AGACACCGUGUUACAUAUUUUUUUUUUCCAUUUAUUUGUACUGAAGGUGG,0.9800732514004168
158,Sequence_968,,10000000000.0,,CCAUUACAAUGACUGAUUCAUUUACUCUGUAAG,0.336287985767531
159,Sequence_2310,seq_27017,580.0,0.8888888888888888,AAAGCAGUUUCUGAAUUUUUUUUUUUUCUUUUUUGGGGGCCUUUUUUUAACAAG,0.9932668944814644
160,Sequence_1848,seq_335,1600.0,0.9130434782608695,CUGCAUAACUCUUUUAUUUUUCUAUCUUACAUUAAUAG,0.9832406722873211
161,Sequence_3037,,10000000000.0,,AAUUCUAAUUUCAACUACUAG,0.9605850043330488
162,Sequence_929,,10000000000.0,,UCAUUUAAUACUAUUUUACUAUUAUUUGUUUUUUUGUUGUUAGUUUUUUUAAGU,0.997768374825073
163,Sequence_3776,seq_40885,960.0,0.8333333333333334,AGAUCAGUUUUUAGAACCAUUCUUUUUUCCAUUAUG,0.8599793359534923
164,Sequence_3847,seq_34568,2100.0,1.0,AUAAUCUGUCCUCUACUUUAUUUUUUUUCCUUG,0.9306177194745248
165,Sequence_4092,seq_6823,290.0,0.9444444444444444,CUAAUUACUUCAUUAUUUUAAAAUAAAU,0.9701948083116168
166,Sequence_4655,,10000000000.0,,AUAAUUACUCAAAUAUUUAUCUACUC,0.9862146432262404
167,Sequence_3117,,10000000000.0,,UACUAAUUUCUUUUUCUCAAACCCUUGACCCAUGAUAUACUUAGUACUAG,0.9722286453674864
168,Sequence_4401,,10000000000.0,,UACGGGGACUUUAUUCUAAUAGCCUUUUAAAAUAAG,0.4344461882840933
169,Sequence_3840,,10000000000.0,,CUUGAAUUUUGUUUAAUGGAAUUUUUCUUUUUCUCCUG,0.8529053204696203
170,Sequence_4929,seq_42479,1200.0,0.9444444444444444,AUCAUUUUUUUCAAUUUCAG,0.9813659485832766
171,Sequence_3627,,10000000000.0,,AUUCAUCACAUUUCCUAG,0.9213530145088694
172,Sequence_3531,,10000000000.0,,UUUCUUUAUUCUUUUACUCUUCCG,0.9968538650928256
173,Sequence_173,,10000000000.0,,ACUUUUCUCUUUUUUCUUUUAUUUAAGAUUUCAUUG,0.9859557426236568
174,Sequence_2278,seq_2744,1900.0,0.8181818181818182,UGUUUUUAUUUUCUUUUAUUUUUCCAUAUG,0.9825534547427984
175,Sequence_2560,seq_34316,210.0,0.8620689655172413,UAUUUCAUUCUCAUUAACUUUUUUUUCUUUAACAGACUAUCAUACAUAU,0.9954365228932752
176,Sequence_795,seq_32381,1500.0,0.8333333333333334,UACUUCAUAAUUUUUUAUAAUUUUUUAUUUAAG,0.9987560374086148
177,Sequence_1387,,10000000000.0,,ACUUUUUCAAUAAUCAUUAUCUAG,0.9789734497104
178,Sequence_295,,10000000000.0,,AAUCAAAAUUUUAUUAAAAUUAUUUUUAUUAG,0.9949662815329084
179,Sequence_279,,10000000000.0,,CAUAAUUAUAUAAUUUCUAUUUACUUUUU,0.9935283792252856
180,Sequence_4727,seq_26511,3500.0,0.8260869565217391,UUUAUUUUUUAUCAAUACUUUUAUUUGUG,0.9946854295248668
181,Sequence_4502,,10000000000.0,,CCCAUUUUACUCCUUUUCUCUUUUUAAAUCUCCAG,0.998974291934604
182,Sequence_4181,,10000000000.0,,AAUCAUUUUUUUCUAUUCUAUUUUUUUUAAG,0.9994015032332032
183,Sequence_4096,seq_14601,370.0,0.84375,CUAGUUUUCUGUGUAUGCCAUCUGUUUAUUUUUUAAAAACUAAACUAUCCAG,0.9248416848334708
184,Sequence_1310,seq_853,870.0,0.7619047619047619,UCAUGUUGCUUUCAUAAAUUUUUUUUCUUCG,0.9140493868259928
185,Sequence_996,,10000000000.0,,CUCUUUUUCUCUUCUCCUUCUAAC,0.9813730656849374
186,Sequence_357,seq_33372,2100.0,0.9333333333333333,CAUUCCUUAUUUUCUUUUUUUUUUUAAU,0.997805832701556
187,Sequence_3009,seq_36155,3400.0,1.0,UCUUUUAUUUUUCUUCUCUACA,0.9908666686345065
188,Sequence_382,seq_21124,3000.0,0.9473684210526315,AUUUUUUUCCUUUUCCUUUCUAUUUUUAAAUU,0.998568485398198
189,Sequence_2894,,10000000000.0,,UCCAAAUCUUAAUCCUUAUCC,0.932469622900846
190,Sequence_4758,,10000000000.0,,AAAAUUACAAACUUUUAUUUCAACUUAACACUCAG,0.9977502573354724
191,Sequence_4721,,10000000000.0,,UUUCUUUUAUUUACAACACCCU,0.961960370764041
192,Sequence_3055,,10000000000.0,,AAAAUCCCAACUAAG,0.7129991175026623
193,Sequence_2360,seq_11467,1100.0,0.9473684210526315,UCCUUUCAUUUCCUUUUUAAAAAUUUAAAACU,0.985322843737525
194,Sequence_4827,,10000000000.0,,UUAUUACACUUUUCAACCUUUCAG,0.9834762217461432
195,Sequence_855,,10000000000.0,,CCCUUUUUUUAAUUUAUUUUUCUA,0.9881710610134404
196,Sequence_1599,,10000000000.0,,AUUUGAAUUAUUCUUUUCUUUUGAGCUUUGGAUUUCAAAUAUCAU,0.8239680899782837
197,Sequence_870,seq_30373,1900.0,0.7916666666666666,AUUAUUUUUUUAUUCUUUAUAAUUUCCCAUA,0.9985841478658016
198,Sequence_1186,seq_43545,210.0,0.7931034482758621,AAUACUUUAUCUAUUCCUGAUUUUUUUAAAUUCUUUUUAUUUGUUUG,0.9990667078305138
199,Sequence_4877,,10000000000.0,,AUAAAAUACUUAUUAUACCUCUUGUAUCAUUCAAAACCUUUUUG,0.9419855623197058
200,Sequence_959,,10000000000.0,,CUUAAUUUUUUUAAACUAUAUUAUUAUUUUUACUA,0.9993583655751568
201,Sequence_2220,,10000000000.0,,AUAUCCAACCCAUUCUG,0.7892738476609683
202,Sequence_4914,,10000000000.0,,UCUUUAUAACAUCACUUCUUUUACAAG,0.9909167271404444
203,Sequence_257,,10000000000.0,,UUCCUCUUUUUCUCUUAUAUUUGACCUUGAUCUUUAAUUUACUAG,0.992130947281474
204,Sequence_1518,,10000000000.0,,UUUUCAUUUCACUUAACAAUUAUUU,0.9824596014836974
205,Sequence_4079,,10000000000.0,,CCUUUUAACCUUAUUAAU,0.9152313734568512
206,Sequence_3473,,10000000000.0,,UUGGCUCUGCCAUACAUAAUUUUUAAAAUUACACACAG,0.8102830459925313
207,Sequence_2298,seq_36271,710.0,0.8947368421052632,CUAACUUUUAAUUUUCAAAACAUUCAA,0.977538492440683
208,Sequence_4884,seq_37716,1400.0,0.9545454545454546,UCCUCUAUAUAUUUUUCAUUAUUUUUUAAUUUAUCAUUAA,0.9994520435427758
209,Sequence_265,,10000000000.0,,UAAACUUUUUUUUAAAUCUGACAGUAACGGCUG,0.7770173710034853
210,Sequence_2023,seq_7527,2300.0,0.8888888888888888,CCAUUUCACUUUAAUUUUUUAAACUCC,0.9874340962125474
211,Sequence_4461,seq_15357,220.0,0.8571428571428571,UCUUUAUUUUCUUUUCUUUUUUUUCGUAUUUUAAAAAAUUAAAG,0.9985966551075058
212,Sequence_1559,,10000000000.0,,UCUCUUCAAACCUUCAUCUG,0.908194419505526
213,Sequence_2222,,10000000000.0,,UCUUAUCAUUUUCUUUCUUUUU,0.989896244082166
214,Sequence_2744,,10000000000.0,,AGACAUUUUUGUUCCAGAUCGUCGGU,0.3428259433676428
215,Sequence_3837,,10000000000.0,,UAUAAUUAUAUACUUUAAAUACCUUUUUUAAAU,0.9957555577449154
216,Sequence_286,,10000000000.0,,CUUUAAAGCAGGAAACCUUUUAUUUUUGGGAAAG,0.2075654585793473
217,Sequence_1338,,10000000000.0,,CCCAUUUUUUCUACUUUAUUUUAACUUCCCUUAG,0.9984955851469144
218,Sequence_3445,,10000000000.0,,UUCCUUUUAUUACCUUUACU,0.969342855027867
219,Sequence_1068,seq_14726,240.0,0.875,CUCUUUCUUUCCACUCUUUUAUUUUCAAAAG,0.995950739405702
220,Sequence_4439,,10000000000.0,,UAUAAUCAAUCUAUUCUCAU,0.929620282680568
221,Sequence_2170,,10000000000.0,,UAACUUAAAAAACUAAAG,0.8042698161894131
222,Sequence_234,,10000000000.0,,UACUUUACUUUUAUCUUAAUUAUUG,0.9937987787356518
223,Sequence_3488,,10000000000.0,,UGACCAAACCAUGGCCCAGCUUUAUAUUGUG,0.1887791294780614
224,Sequence_2903,,10000000000.0,,UAAAUUUCAAGGAUCACUUGUUUUUUAUGAACUCUAUCCAG,0.5279355369400767
225,Sequence_3861,,10000000000.0,,CUUUCCCCCCUUUCCUCUCUCCUAAGCUAAUUCUUUUUAAUUCAG,0.9095725189740907
226,Sequence_2496,,10000000000.0,,UUAUCCUUUCAACAUUCACUUAAG,0.9755714015937904
227,Sequence_2158,,10000000000.0,,AUAUUUAUUCUAUAAUUAAUCAAAAUAG,0.9854474921512228
228,Sequence_1222,,10000000000.0,,UAUUAAUUUUUAUUUAUUUUCCUAUCUCACUCACUACUU,0.9996031273040178
229,Sequence_2367,,10000000000.0,,UUAUUUUUAUUUUUUCUUCAUCUUUUUAAUG,0.9993601133279426
230,Sequence_4329,,10000000000.0,,UAUUUUCUCCUUUUUUGUUUUCUUUAAGUUUAAAUAUGUUCUUACUUAAUUUAGGACUCAG,0.9963429767457612
231,Sequence_4107,,10000000000.0,,UUUCUACCUUUUCUACUCUAAAUUAU,0.979484801591962
232,Sequence_1886,,10000000000.0,,CCCCACUUCAUUUCUUCUUUUUUUCUUUUAUAUA,0.9963562985131584
233,Sequence_3816,seq_24121,130.0,0.7777777777777778,UAAAACAGAUGGUGGAGAAGGGUUUAUCUUUUAUUUUAAACUGUGCAGCUUACCAUAUCUUAG,0.8477471503434955
234,Sequence_640,,10000000000.0,,AGAUUUUAUUGUUCUUCACAGAGAUAACUUUAGAUGUCUUUGUACAUGUUACCC,0.2253568877335445
235,Sequence_3231,,10000000000.0,,CACUCAUAUUCAUUAUUUCAUUAUU,0.978711870222501
236,Sequence_4013,,10000000000.0,,CUAUUUCUAAUUUAAUUUGUAAUUUCUAGG,0.814781894602994
237,Sequence_3004,,10000000000.0,,UGACUGCUUAAGACUAUUUUCUUCAUUCCCCACGU,0.5502960176396715
238,Sequence_3905,,10000000000.0,,UCCAUAACCAAAACUAAUAC,0.788862654248312
239,Sequence_1164,,10000000000.0,,UCUUUUUACAAUCUCAUUAUGUG,0.9369084812464862
240,Sequence_582,,10000000000.0,,CUCAUUAACUUUUCCUUUAAU,0.941244785152407
241,Sequence_990,,10000000000.0,,CAAACAAAAUCUAAUUAAUUAACUAUG,0.9673670692095644
242,Sequence_679,seq_24899,280.0,0.9523809523809523,CUACUAUCUUUUUUAUAGUCUG,0.691164502406505
243,Sequence_4320,,10000000000.0,,UCCAUCUACUUUCAUACAAUGCCAG,0.5454634605120491
244,Sequence_4818,,10000000000.0,,UGCUUAUUUUUGCCAAUGGGG,0.197809562618008
245,Sequence_4987,,10000000000.0,,UUAUAUAUACAAUUUACCG,0.9664681261135084
246,Sequence_784,,10000000000.0,,UUUUUAUUUUCUUCUCUUUCUAUG,0.9961730376242244
247,Sequence_945,,10000000000.0,,CCUUAACUUCUCAUCACAG,0.912777846555487
248,Sequence_688,,10000000000.0,,UUGCAGUCAUUACUUAUUUACAUUUUAAUG,0.8100516121092143
249,Sequence_1650,,10000000000.0,,UCUACUUUCUACCAAUAUUUUUUCUCCCAG,0.9957829181112452
250,Sequence_4920,seq_19321,1300.0,0.8333333333333334,UUAUUUCUUUUUUCAUUCAUUUUAUUAUU,0.9985887763677488
251,Sequence_4468,,10000000000.0,,UUACUUUUUUAAUUUUUCUUUUUUUUUCAACUCCCG,0.9998475458205456
252,Sequence_951,,10000000000.0,,UUAUCAACACAUUUUAACU,0.9124249276916172
253,Sequence_3614,,10000000000.0,,UAUUACCAUUUUAAUUUUU,0.952004004452824
254,Sequence_3849,,10000000000.0,,AUUAAUUUUAAUCUUAUCUUAUACCUUA,0.9959096487600873
255,Sequence_2185,,10000000000.0,,AACUCCCCCUUUUUUUCUUCUUAUUAGAA,0.8880612778694985
256,Sequence_3297,seq_13874,1400.0,0.8888888888888888,UCACUCAACCAUUUUAUUCAAAUUUUUCA,0.982500527827326
257,Sequence_1085,seq_4787,3200.0,0.85,AAAAUAUUUUACUAUUUUUUAUUUUUUU,0.9971625005147312
258,Sequence_1733,,10000000000.0,,UUUACAUUUGUCCCUG,0.3040010745637592
259,Sequence_4168,,10000000000.0,,UUUUUCUUAACCACUCAAUUUUACUCUU,0.9922846223769372
260,Sequence_2928,,10000000000.0,,CCAAUAUUCUUCUCUUUCCAAUG,0.967032800645206
261,Sequence_3196,,10000000000.0,,UUCAUUUUUUAAUACUUCUAUAAAG,0.9853697480260808
262,Sequence_3369,,10000000000.0,,UUUAAUAAAUACACUCAUUUUUUA,0.9623122961085864
263,Sequence_1221,,10000000000.0,,UUCAUCUCUAUUACUG,0.9035070356154968
264,Sequence_1635,,10000000000.0,,UUCAUUACAUAUCAUUUACAUCCAAAUGUAUUAUUCAUCG,0.939247187527853
265,Sequence_2795,,10000000000.0,,AUUCAUAACCAAAAUUUUUAU,0.9226994030351322
266,Sequence_3039,,10000000000.0,,UUCUAUUCCUACUAUUCCUA,0.9455286438600864
267,Sequence_119,,10000000000.0,,CUUUUCAUGUAUUUCCCAGUUUAG,0.1423875679482202
268,Sequence_3220,seq_33536,350.0,0.9523809523809523,UAUUUAUUUCUAACUCAUAUUUAACAG,0.9944635178801742
269,Sequence_3899,seq_11244,170.0,0.8260869565217391,UCAUAAAACCAAAUCUAUCUUUUUUUUUCAA,0.9940468530483692
270,Sequence_1521,seq_37619,410.0,0.8947368421052632,UUUUUUAUCUUCAUCCUCACAAAG,0.9787358160577404
271,Sequence_3810,seq_40672,230.0,1.0,AUUUAAUUUCAUUUCAUUUUUUG,0.9914261788586474
272,Sequence_2103,,10000000000.0,,UAAUUUUCACACAUUUUCAUUAG,0.9831415388935314
273,Sequence_595,,10000000000.0,,UAACUAAUUUAUUUACUUUUUUAC,0.9924504809200436
274,Sequence_1082,,10000000000.0,,UUUCACUCUUAUAAUACACA,0.9143326577496372
275,Sequence_2594,seq_46683,140.0,0.8636363636363636,UAACCAAAAUAUAUUUAUUUUUUAACUU,0.9897764127869308
276,Sequence_4735,,10000000000.0,,UAAUAACCCCUUUUUUCAUCUAUUUUUA,0.9905829997211704
277,Sequence_3241,,10000000000.0,,UAUUAUUACUGUACUCUUUUUGUUACAUAACAUUUGUUUUAG,0.9161837518421816
278,Sequence_701,,10000000000.0,,UAAAUCACCCAUCAUUCACUUUGUUUUGCUUCCUCCUCAUUAA,0.6886876399550103
279,Sequence_2557,,10000000000.0,,UCUACUUUUCCCCUAAG,0.9016656612261686
280,Sequence_2991,seq_22001,33.0,0.8387096774193549,UGUUGCUGUAGAGUUAAGUGAUACUAUUUUAUUUUCUGAGAAGACACUGGGGGAAUUUUUUUUUUUUUUUUUUUU,0.9822964976282758
281,Sequence_2667,,10000000000.0,,CCAUUUAUUAUUACUUUAUG,0.9726175691941772
282,Sequence_962,,10000000000.0,,UCCACCAAAUUUUUUUCUCUACAUCUAACCUUU,0.9944848872518088
283,Sequence_3635,,10000000000.0,,AUAUCCAUCAUUUAUUAUUUUUCUUUAUUUA,0.9972930444636158
284,Sequence_865,,10000000000.0,,UUCUUCUGUUUAUACUUUAUUUUAUCCAAGCAUUAUUUG,0.919872690806943
285,Sequence_1546,,10000000000.0,,UUUAACUCUUACUAAUUUCUUCAUU,0.9862373410787272
286,Sequence_4597,,10000000000.0,,CACAUUAUUUUCUUCUAAG,0.9663594929988144
287,Sequence_3277,,10000000000.0,,AUCUAAUUAACUCUUCAG,0.9247530790256364
288,Sequence_1042,,10000000000.0,,UUCUUAACUCAACUACU,0.8866110269827436
289,Sequence_4743,,10000000000.0,,CAUUUCACUAUCUUUUCU,0.9147753117254136
290,Sequence_1526,,10000000000.0,,AUGUGAAAGGGACUACUACAUAAUUUCUUUUUAAAAUAAGAAUAUUUG,0.6806408277972463
291,Sequence_4813,seq_16692,2100.0,0.8421052631578947,CAAAGAAAGUCAUGUUUUUUCAUUUCUCUUUUUAGG,0.7874098968533344
292,Sequence_3694,,10000000000.0,,CUACUUUUCGUUCUUUCUUUG,0.6448570985544236
293,Sequence_4207,,10000000000.0,,UUCUUUUUUCUUUAUUUCAACUUCCG,0.998420455091298
294,Sequence_4859,,10000000000.0,,ACACUGCGAGCACCCGGCACGGCGCUUAG,0.0613082607005886
295,Sequence_3967,,10000000000.0,,CUUUUCCUUAAAUAUUCAUUAUACCA,0.9703567608176136
296,Sequence_3358,seq_21019,2700.0,0.8666666666666667,ACAUGUUUUGUUUUUUCAACUUUAUACUUCUGU,0.9129302703615966
297,Sequence_4353,,10000000000.0,,UUUUUUAUACUCUUUUUGUAUUUGAACAAGUCCUUAAG,0.8016268540626579
298,Sequence_2733,,10000000000.0,,GAUUCAUACUAUCCUCAUAUUA,0.5620827605552973
299,Sequence_1123,seq_34126,2500.0,0.9047619047619048,UACUUUUUCUUUUAUAUCCAUUUUUCAUUG,0.99838830132502
300,Sequence_2293,,10000000000.0,,UAUCUUUGCUUAUACUUUUUAAUAUUUAAACACUG,0.9594462228019742
301,Sequence_712,,10000000000.0,,UCUUAUUUUAAAUCUUCAUAUAUAG,0.982283524434089
302,Sequence_3841,seq_19979,2500.0,0.8888888888888888,AUUUACUUUACUUACAUUACUUUCCAG,0.9947263562537308
303,Sequence_4783,seq_9708,370.0,0.7647058823529411,UAAGAAAAUGAUUUGCUUUUUUUUUUUUUUUUUUGUCUUUUCUAAGUCGCUUUAACUUUUUUG,0.9971254262534314
304,Sequence_1043,,10000000000.0,,UCUAUACUUUUUUAACUUCUG,0.9878051118307734
305,Sequence_236,,10000000000.0,,UACACUAAUUAUUAUUUUUUUCUUAUUUUUUUAUUUUUUA,0.9999427956083108
306,Sequence_2017,,10000000000.0,,UUUCAAACAACUUUUAGUUUACUUUCUUUUCUG,0.9376838990102032
307,Sequence_4367,,10000000000.0,,AUUAAUAAAACAUUAAUUUUUACUUUUAAUACUUCUUUUAG,0.9996288958256724
308,Sequence_1888,,10000000000.0,,AGACUCAUUAGGCCCAGAUGUGCGUCUCC,0.027599142644547
309,Sequence_443,,10000000000.0,,UUUUAAAUAUCCUUCCCUUAG,0.942276099736648
310,Sequence_2717,,10000000000.0,,CCUUCCCAAACAUUAUUUG,0.734899661002391
311,Sequence_1573,,10000000000.0,,AACUAAAAUAAUCAAAUG,0.7719769867817184
312,Sequence_1613,,10000000000.0,,UCAUCAAACUUUACUCUUUAA,0.9378649952679884
313,Sequence_2113,,10000000000.0,,AUUUUUCCUUCUCUUUUUUUCACG,0.997072620674736
314,Sequence_4553,seq_36980,1300.0,0.8571428571428571,UUUAUCUUAUCUUUAUCUUUAUUAUUAUGUUAG,0.990060709988977
315,Sequence_1370,seq_46595,560.0,1.0,CAUUUAUUAACUCUUUUCCAUUUUAUUCAA,0.9961806809276283
316,Sequence_164,,10000000000.0,,GCUUAAUGUGCAAUUUUCUUUUUGGAGUUUUGUAGGGCAUAUGCCCUUAU,0.1544163739023424
317,Sequence_2781,,10000000000.0,,AUACAAUUCUUAUCUCUCU,0.9349501144048572
318,Sequence_2112,,10000000000.0,,CCAACCUUUUCCUUUAGGAAUUAUAUCUUUUUUUUUAAUUUUGCAUUUUA,0.9752782945158114
319,Sequence_332,seq_30690,1800.0,0.9411764705882353,ACCAACUACUUUUUUCUUUCUG,0.9832069488145962
320,Sequence_1097,,10000000000.0,,CUUCCUUAGUCAUACUUCGUUUUUCUAUACAUUAAUAACAAUGUUACUAAGCU,0.937344817884218
321,Sequence_2089,,10000000000.0,,AGUAUAUUUGUAACAAUAUUGAAUUGCUAUUUUAUUCUAAAGAAAAG,0.3237466266806049
322,Sequence_2391,,10000000000.0,,CCCCAUUCAUACCUUUUUUUUU,0.9178961317309964
323,Sequence_897,,10000000000.0,,UAACAUUCUUCCAAUUCAUAAA,0.922207207171348
324,Sequence_801,,10000000000.0,,AUUUGUUAAAUAAAAUUAUUUUAUCAUAGUAACUAAAG,0.6483194001150503
325,Sequence_1345,,10000000000.0,,CUUCUUAAACCAUCAUUG,0.8876664560039939
326,Sequence_2412,,10000000000.0,,AGAUAGACUAUAACUUUCUUCCGCUCUGUUAUUGGUUUG,0.6030607430929561
327,Sequence_3375,,10000000000.0,,AGAAGUUUUCCAAUAGAUGCAUUUACGGCGACUUGAAUU,0.0331343599833124
328,Sequence_1007,,10000000000.0,,AUUUUUUCUUACAUUUCUCAUUCUACUUAUAUUUAUUUAU,0.9998316552844588
329,Sequence_4459,seq_2569,590.0,0.9375,UUUUUUUCUCAUUACUAUUAUAC,0.989984325414184
330,Sequence_2485,seq_13934,1600.0,0.8888888888888888,UUCUUCUUACUCUUUUUAAUUUAACG,0.9971734309871986
331,Sequence_4649,,10000000000.0,,AGAUAACCUUUUUAAAGGGGAAGGACUACCAUCGCU,0.1469478147604406
332,Sequence_1853,seq_510,2300.0,1.0,AUUAUCAUUUUCAUUUAAUUUCCA,0.9846583053543002
333,Sequence_786,,10000000000.0,,UCUAUCAAUUUACAAUUGGCAUACACUUUAUCAACUGGCAGACUUUG,0.8382661057151756
334,Sequence_3830,,10000000000.0,,UCAUUACUUAUUAUUUACCUGU,0.9710384700188536
335,Sequence_1047,seq_34023,930.0,0.9444444444444444,UCUUUUUAAUUUCCAUUUUUUAUCAG,0.9964514730686276
336,Sequence_692,,10000000000.0,,AAUUCCUACCACAUUAGGCAUUUUAUGGUUUUUAAUAAG,0.5924466621869084
337,Sequence_1793,,10000000000.0,,UCAAUUUAAUAAUAAAUCUG,0.9122533551305948
338,Sequence_4799,,10000000000.0,,AGAUCUAUUGAGGUCCGUUAGUUAAAGAUCCUAAAUUUUCCCUCUUGCGCA,0.4036783372765495
339,Sequence_263,,10000000000.0,,UUUUCAUUCCAUCUUUUUCUCAAG,0.990698158039781
340,Sequence_1081,,10000000000.0,,CUUCUUUUUUUAUUCUUUUCUUUCAUG,0.9981794251034808
341,Sequence_1883,,10000000000.0,,CAAUCCAUCUACCUUAACUAUAAUCUUAAAGUG,0.9539222338105944
342,Sequence_816,seq_24209,120.0,0.7142857142857143,AUAAAUGAAUUUUUUAUGCAUUUCAAAACCAUUUCCCAUAG,0.7854769131310235
343,Sequence_1566,,10000000000.0,,AUCUUUACUCUUUACUUUAUUG,0.9882297648896672
344,Sequence_1760,,10000000000.0,,UCUAAUUUUAUUUUUUUCAAAUUUUUUUAUG,0.9991345547994082
345,Sequence_3845,seq_32849,2600.0,0.9333333333333333,CCUUUUUUCCUUUUUUUUUUUUCCUUAAACAG,0.9992811159665688
346,Sequence_2265,,10000000000.0,,CUGACACACCUCCAGUUUAUUUCCUGUUAUUUUAUUCUUAAUGUAUAACAU,0.6928297219736482
347,Sequence_2048,seq_33560,1400.0,0.8333333333333334,UAAUUUUUUCCUAAACAUUUUUAUUCUACA,0.9977155045131756
348,Sequence_2592,,10000000000.0,,UAUUUAACAAUCUAUUCAG,0.9384576930929583
349,Sequence_4130,,10000000000.0,,UUUAUAAUUUAAUCCUUCUCCUAG,0.9775765264085738
350,Sequence_3249,,10000000000.0,,CUAAAAUAUACUUAUUAAUCAC,0.9374273539264772
351,Sequence_3798,,10000000000.0,,UAACCUCAUUUACG,0.9191347724583816
352,Sequence_2087,,10000000000.0,,CACAAAAAUCUUCAAUUAUCUUAUUU,0.9583894122819456
353,Sequence_3600,seq_25970,85.0,0.9090909090909091,UUCAUUUAUUUUCUUUCCUUAAAAG,0.9903969787956688
354,Sequence_1906,,10000000000.0,,AACUUUAUCCACAACUUUAUG,0.9520128713992112
355,Sequence_4351,,10000000000.0,,AGACAUUUGUUUUGGGUUGUGUCGGU,0.1678564235919562
356,Sequence_3376,,10000000000.0,,UCUUCAUUCUCCCUUCAAG,0.8689530572539161
357,Sequence_1153,,10000000000.0,,UUAAUACUAUCCUACUCAG,0.9390170757525602
358,Sequence_1056,,10000000000.0,,UCAUCAUCUUUUUCAUUUUCUUUUCCAUAG,0.9980923353145474
359,Sequence_2335,,10000000000.0,,AGGUAAUUUUUGUAAUAUAUCUUCCUUUCCUGUGUUCGGUGACGUGAUCUUCCUUUGU,0.8525953178543342
360,Sequence_216,seq_21215,1300.0,0.8823529411764706,UAAUUCUUCAUUUCAACCUUUUUUUCUG,0.99690036238772
361,Sequence_3197,,10000000000.0,,AUAAGCCUGUUCUGCUUAAUAAUUAAAUG,0.2584666270130197
362,Sequence_993,,10000000000.0,,AUUUAUGUCAGAAUUUUUUUAGAAGAGGAAUUUUUUUUAAUCACUG,0.9003924682739964
363,Sequence_1395,,10000000000.0,,UAUAUUUUUUGGUUAUAGUUAUUUACAAUUG,0.7356398360665892
364,Sequence_757,,10000000000.0,,UUUGUUAUACUUUUUUUUCUCUAU,0.886350969886831
365,Sequence_2137,,10000000000.0,,CUAAUGUAAAUUUUUCAUUCUUCAG,0.3550095321687085
366,Sequence_615,seq_19760,300.0,0.84,ACAAAUAUUUAUAUUUUAUUUAUUAG,0.9934763718940955
367,Sequence_545,seq_14825,140.0,0.8055555555555556,UUUUAAUCCCAUCAUCUUUAUUUUUAUUUUUUUCUUUUAUUUU,0.9999552168428858
368,Sequence_2307,,10000000000.0,,ACUUUUCCACUUAUUUUUUUUCUUUUUUUG,0.999332368721542
369,Sequence_3367,,10000000000.0,,AUCAUAAAACCCUUCUCUUUUUAAUUUUAUAA,0.9908493708948384
370,Sequence_4177,seq_41093,100.0,0.875,AUUUAUAUUUUAAUUUUUACUUUCAUCCUUUAU,0.9989170629167404
371,Sequence_4233,,10000000000.0,,UCAAAUACUUAUUUCCUGGUACUCAUUAUCUUUCCAAACAAAAGGGUC,0.9326398709929578
372,Sequence_4486,,10000000000.0,,AUUUUCUAAUUCUAAAACAACAAAA,0.9453725385200829
373,Sequence_1342,,10000000000.0,,ACUAUCAAUUCUUUCACACUCUUUUUA,0.9870107161267578
374,Sequence_1208,,10000000000.0,,UCAACAUACUUUUUACUUUUCUAUAUUUUU,0.9966758576046708
375,Sequence_4370,,10000000000.0,,AUAUUCCUUUUCUUACUUAUUAUG,0.9940132101809964
376,Sequence_2416,,10000000000.0,,CAAUGUAUUGAUUUCUUUCUUUUCACUUGCUUAAUAGUUAAAUUGUUUCAACACUUUUACAUCUC,0.9796922945784018
377,Sequence_3471,seq_44978,43.0,0.8214285714285714,AAACCUUUUAACUUCUAUAUAUUUCUUAUCU,0.9968654793568422
378,Sequence_1174,,10000000000.0,,UUUAAAGUAUAUUUUUAUCAGAAUUUAAUACUG,0.6461480961375616
379,Sequence_4584,,10000000000.0,,AGAUGGGUUUUUUUUUUAGGGUG,0.4392242829561929
380,Sequence_4360,,10000000000.0,,CUAAAAUAUUCUAUCCUUCCCUGGAUCGUAUCAUUUUCUUUUAUAAUUUAUUUCAAAUG,0.9962273160932368
381,Sequence_3823,seq_14112,1000.0,0.9090909090909091,UCUCCCAUUAUUUUAUUUUCUUUCCAUUUG,0.9964393788674284
382,Sequence_3599,seq_33560,1100.0,0.7272727272727273,CUUAAUUUUAUUAUUCUUAAACUCUUUUUGCUGA,0.9824529794786264
383,Sequence_1271,,10000000000.0,,UAUCUCUCCUUAAAAUUUUUUAUUUAUCUG,0.9957830286768472
384,Sequence_571,,10000000000.0,,AGAAUCUUCGCCGUCUUGCAAAGCACGUUUUUCGGCG,0.5227393006836315
385,Sequence_4354,seq_45674,1900.0,0.85,CUUUUUUAAUACAUAUAUUUCUC,0.9808696598649812
386,Sequence_1119,,10000000000.0,,UUUUUUUAUUUUUCUCUCAAUAAU,0.9916831654907008
387,Sequence_1860,,10000000000.0,,UUCAUACCUACA,0.6731953337501251
388,Sequence_4006,,10000000000.0,,UCUUUUUUAUAUUUUACCUUUUUCCAG,0.9972509312458776
389,Sequence_2453,,10000000000.0,,UGUUUCUCUCUCUCUCCAUACAUACUCUUUG,0.824278318722082
390,Sequence_4474,,10000000000.0,,ACACAUUUUUAAAUCAUCUUUUAUAAACUUCA,0.9942282232025476
391,Sequence_2389,,10000000000.0,,UAAUCCUUUUUCCUAAAAUAUUCAUUUUACA,0.9940272243984202
392,Sequence_815,,10000000000.0,,AGGAUGUGGUGGCAGGGUGGUUUUGG,0.1105029462622047
393,Sequence_2681,,10000000000.0,,UCCUAAUUCACAUGUCUAUUUUAUAUAAUAG,0.52502391444908
394,Sequence_220,,10000000000.0,,UCUUUUUCACUCAUCCCAUUUAUUAUUUAUAU,0.9936217794111952
395,Sequence_1514,,10000000000.0,,ACUUUUAUUAACUCUCACAUG,0.9706121389634838
396,Sequence_2274,seq_40021,640.0,0.8125,UAACGUUUAAACUUAAAAAUUUUUUAAAUAUUUUUAUAGUCACACUAG,0.9881121864881216
397,Sequence_5019,,10000000000.0,,AUGGAUUUCUGUUUUACUGUUUUUGAAAUUGGGGCUGACAAAUCGCA,0.1528195625044403
398,Sequence_4071,seq_46254,420.0,0.9090909090909091,CAUCACCUUUCUAAACUCCAAUUUUCUAAU,0.9826432680272378
399,Sequence_2586,,10000000000.0,,AUUUAUUUUAUUAUUUAUAUACA,0.9854589399926252
400,Sequence_1575,seq_27501,550.0,0.95,UUUCUAAAAACAUACUUUUAUUUUUCCG,0.9966020610783792
401,Sequence_300,,10000000000.0,,CCUUAAUUAUAUUCAAAUCAUCUUU,0.9608988603530518
402,Sequence_4608,,10000000000.0,,CUCAACUUAUUUUUUCUUAACCCAUG,0.9908555402792412
403,Sequence_2456,,10000000000.0,,UUUUUCUUCUUACAC,0.9322633975426085
404,Sequence_519,,10000000000.0,,CCCUUUAAUUUAACUAAAUUAUUUUUAACCUAUAAAAAUG,0.9978409270787691
405,Sequence_3654,,10000000000.0,,UAUUUUACAUUAUUUCCAAUGGCUAG,0.7991257768323181
406,Sequence_2471,,10000000000.0,,CAGCUAUGACUCUGUCAGCCUCGCAUUUUCAGUUGUC,0.0924014292787101
407,Sequence_1489,seq_20613,2900.0,0.8947368421052632,UAACUUUUCCAACUAUUUUUAAAAU,0.9689881649875758
408,Sequence_722,,10000000000.0,,UUGUCUUAUUCCUUUCUUUUCCCCUUAUCUUCCUGG,0.9783975024202236
409,Sequence_3921,,10000000000.0,,CUUCAAAAUUUUUGGGGCAUUUUCAAAAG,0.3300268230666004
410,Sequence_1340,,10000000000.0,,UUUAUUAAUUUGUAAUCUAGUUAUUGAUUUUUUUUAAG,0.8004828429865
411,Sequence_1223,,10000000000.0,,UCAUUCUCAUUAAAACCAAG,0.9030040943871236
412,Sequence_4878,,10000000000.0,,UAUUUCACUACUAAAUAUUUAAACCACCAA,0.9785713568418448
413,Sequence_1752,,10000000000.0,,UUUCUUUUUUUAUUUUCCACAAU,0.9937539619395144
414,Sequence_5006,,10000000000.0,,UUUCAUCUCAUCUUAUCAUUACUAUAU,0.9857071265698336
415,Sequence_156,,10000000000.0,,UUUUCCAACUUCUG,0.8589254533234082
416,Sequence_321,,10000000000.0,,UUCCCUUCUAUUCCCAUUUUAUUUU,0.9726062375527498
417,Sequence_2072,,10000000000.0,,UAUACCAUACUCAACUUUUCAGCUAUUUAAAUG,0.7864374860242094
418,Sequence_1444,seq_13034,240.0,0.9473684210526315,CUUAUAUUCUUAUUUUUUUAACCAAACCUG,0.9978751234316958
419,Sequence_4673,,10000000000.0,,AAAUAAAAAAUUUCUUUUAUACAUAUAUUUAUCACUU,0.9974660977747716
420,Sequence_2073,,10000000000.0,,CUAACAUAACCAG,0.7094922239346427
421,Sequence_3382,,10000000000.0,,AUUAUUUACCUAACAAUCAUCCAG,0.9712377389721988
422,Sequence_1230,,10000000000.0,,AUAUUUUACUUUAAUAAUCUAUAAG,0.9874407632067326
423,Sequence_3609,,10000000000.0,,AGGCAGGGCAGAGAUACGAGUAUGGGCCUCUUCCG,0.018168065341894
424,Sequence_2669,,10000000000.0,,AGUACAUUUCCUUCAUACUCAGUAUGUCCUUGGGGACAAG,0.3892621448303457
425,Sequence_3437,seq_39759,480.0,1.0,ACUCUUUUUUUAAACUAACUG,0.9764979745069824
426,Sequence_4759,,10000000000.0,,UAAAUCUUAUUACCUUUUUUUUAUAUCU,0.9966441179323878
427,Sequence_760,,10000000000.0,,UUUACUUAUACUUUUUUUUAU,0.985448696843198
428,Sequence_879,,10000000000.0,,CUAUUGGAUGCUGAUUAAGCACUCUUUAUCUCAUG,0.3919257553113762
429,Sequence_989,,10000000000.0,,AAAAUUCAUUUUUUUAUACCUAAUAAUUUG,0.9961706248905832
430,Sequence_2009,,10000000000.0,,UUUGUAACUGGAGCAUCUUAAUAUAAACUUAAUAG,0.3657070014756544
431,Sequence_2386,,10000000000.0,,UCAUUUCAUUUCUCUUAAA,0.9406563163139078
432,Sequence_1133,seq_4843,15.0,0.7931034482758621,CCCUUACGUGUUUACACUUUACAUUUUAUUUUAUUUACUUUUAUUUCCA,0.9970430926722872
433,Sequence_860,,10000000000.0,,AUAAUUUUUAUUUUAAAAUCAAUAUUAAUACA,0.9929701519425944
434,Sequence_5018,,10000000000.0,,CUUUAUUCUCUUUAUUAAUAU,0.9651057511786334
435,Sequence_2330,,10000000000.0,,AAUAUUCUUUUUUAGCAUUUUUCUCUAUCCUCUUUUUCUUG,0.9952802526024284
436,Sequence_4693,seq_2674,1000.0,0.9090909090909091,UGGUCCUAUAUCUCAUUUAUUUUUUUUUACUAUCAUCAUCAG,0.9976197967691086
437,Sequence_4314,seq_27680,480.0,0.875,CAAAAAAAUCUUUUAAUUAUACUUUUUUAG,0.994048755366748
438,Sequence_181,,10000000000.0,,CACUCAUCCAUUUUAUUUUUUAUUAUUACAUUUUACUUUGCUUUACUUUUUAUAUAAACUUG,0.9999259669370092
439,Sequence_4239,,10000000000.0,,UUUCUUUAUUAACUAUAAG,0.9544438369061226
440,Sequence_3587,seq_31762,1300.0,0.84,CUUUAAUUUCUACUUAUUUUCCCUUUCUCUAUUUCAUUUUG,0.999857590735328
441,Sequence_2494,,10000000000.0,,AGGUAAUGAUCCUUA,0.0550560392773366
442,Sequence_1425,,10000000000.0,,ACAAAAUUCUUCUAUAAAA,0.8253185257165468
443,Sequence_210,seq_4837,2600.0,0.8571428571428571,UAUUUCUCUACUUCAUUG,0.950119602411828
444,Sequence_3615,,10000000000.0,,UUUAAAAAACUUAUUAUUUUAUUUAG,0.9889871178348856
445,Sequence_167,,10000000000.0,,UAUAAUCACUUUAUCUACUAUCUCUGUAG,0.9408559175117692
446,Sequence_2879,,10000000000.0,,AAUCAAACCACAUUUUAUUUUUAUAU,0.9777421663158652
447,Sequence_1474,,10000000000.0,,AGAUGAACAUAUACAGGCGUGACAGCGACGGACGGGAC,0.2158400418390457
448,Sequence_1871,,10000000000.0,,AAUCUCAACUUUUUUAACCUUUCUUUG,0.99357523942539
449,Sequence_4467,seq_7401,440.0,0.9444444444444444,AUCAAUUUAUCAACUUUUUCUUCCC,0.9848848075981038
450,Sequence_4381,,10000000000.0,,CUUUUUUCUCUUUAUGACCUUUAAUCUUUCAAAGACCAUGCAAGAACCUUU,0.9088702524496816
451,Sequence_1701,,10000000000.0,,UUACAUAAAUUUUUUUCAUUAUUAUUUUAUAACUUUAUUAA,0.9997520300980708
452,Sequence_539,seq_26261,1000.0,0.9,AUUUAUAUUUUUUCAUUUUCUAAAAG,0.992646915396966
453,Sequence_2132,,10000000000.0,,UUCUAUACCUCAAAAUUACAUUU,0.9359889654647574
454,Sequence_3660,,10000000000.0,,UUUACUUAUAAAUUUUUCCGA,0.9679415719453792
455,Sequence_29,seq_42165,3000.0,1.0,AAUACCUUUUAUUUUUAUUUAUUUAUUG,0.9976219458486556
456,Sequence_186,,10000000000.0,,AGGUCUUUAUUACCAUUCUCACACUUAGCCGCAUA,0.6566476658402678
457,Sequence_4680,seq_22214,350.0,0.9166666666666666,CACUUAAAACUUUUUUUUUUUUUUUCCAUCUUAUUAU,0.999525700630472
458,Sequence_2815,,10000000000.0,,AUUAUUACAUUCAUUCUCAAAUUAA,0.973912097186326
459,Sequence_4808,,10000000000.0,,UCAUUUUUUACAUAUUCCUCUGAACAUAUUUUCAUUUUUAAG,0.9829141665188494
460,Sequence_611,,10000000000.0,,AGAUUCUCUACAUCCCCCAUUUAUAAAUUAG,0.589179612952549
461,Sequence_1683,seq_13609,790.0,0.8846153846153846,AUGCAGAUAAGUACACUUUUUUUUUUUUUAAAAAUCCUUUUUUUUAACGUUCC,0.9962475719662082
462,Sequence_1139,,10000000000.0,,CAUCAUUUACUUAAUAAAG,0.8937542829809042
463,Sequence_1688,,10000000000.0,,UCUACUCUCCCAUACUUUG,0.8822483084279024
464,Sequence_3258,,10000000000.0,,UAAUUAUCCAAACUCUCCAUAUCUG,0.9646968790096716
465,Sequence_644,seq_3086,2100.0,0.85,AAUUAAUAAUUUUAAAAAAAUUUAUUCUUA,0.983579976009753
466,Sequence_3732,,10000000000.0,,CCUUCUUACUUCAUUCAUGUUUUAUUACAUG,0.8620525710620032
467,Sequence_337,,10000000000.0,,AGAUGGUAGGCUUUUUUUUUAGCGUAAUUGAACAAGGAGUUCUA,0.136491026190883
468,Sequence_2200,,10000000000.0,,AGGCACGAAACCGAGCUCAUUUUUAAUCC,0.1370036845770562
469,Sequence_4751,,10000000000.0,,ACUAGCCGAGAAAACAAUCAUCUUA,0.0622252686373166
470,Sequence_928,,10000000000.0,,UUUGUCAUAAACUGGAUGGAAG,0.0621878132310289
471,Sequence_1865,,10000000000.0,,UACCUAAACUUUUUUUAAUAAACAG,0.9767521331611836
472,Sequence_73,,10000000000.0,,AUAACAUUUCUGUAAACCUAUUUUAG,0.4007876155143574
473,Sequence_4908,,10000000000.0,,CUAAAUUCUUCUAUUAUAG,0.9394646017742938
474,Sequence_1765,seq_35327,2400.0,0.8571428571428571,ACUUUAUUUAUCUUUUAUUACUUUUUCAG,0.9987808607129894
475,Sequence_2533,seq_32849,920.0,0.8928571428571429,AUAAUUUAAUCUUCCGUUUUUUUUUUUUUUGAAAUAAAACUAAUUAG,0.9807508168945348
476,Sequence_4337,,10000000000.0,,UAUCUCUCUUCUCCUUUUUUCUUUUUC,0.9956188775266424
477,Sequence_4926,,10000000000.0,,AAAAUCUUUUUUUAACUUUCUUUUUUAG,0.9978332054953628
478,Sequence_4415,,10000000000.0,,UUCUCCCAUUUUUAUCUUG,0.9315962947506816
479,Sequence_4876,,10000000000.0,,AUAACUUUUUUCAUUUCUUUCUUACUG,0.9978367221142108
480,Sequence_4212,,10000000000.0,,CUCUUUUUCCUCCUCUUCAUACCAAAG,0.9792612871159574
481,Sequence_3935,,10000000000.0,,UAUUUGUAUCCCUUCUAUUUACUG,0.3739950400073657
482,Sequence_3201,,10000000000.0,,UUUAUUUACAACAUAAUUAACUU,0.967551726151684
483,Sequence_4529,,10000000000.0,,ACUUUUCUGUGUUUUUAUUAUCUCAAAAUUUUUCUUAUG,0.9533299254422768
484,Sequence_4648,,10000000000.0,,CAUGAAUAAUUUUUAAUUUCUAAUUUACGCCAAGUUCUCAACAUUUUUUGCUUCAUUU,0.9681242627991256
485,Sequence_108,,10000000000.0,,UUUCAGUAUUUGUAUAGUAGCUCAGGCUCUUG,0.1721389154727341
486,Sequence_731,,10000000000.0,,AGAAAAACUUCAUUUCAAAACCCCCAGGGGGCGC,0.4207664799096934
487,Sequence_3267,seq_26777,1000.0,0.8260869565217391,CCUUAUUCUUUAACAUUCUUAUCACCCCAA,0.989717683877586
488,Sequence_1237,,10000000000.0,,UCAUAUCCAUUUUCACAUCAUCAUUCUAUAAUCCUA,0.9967208042755036
489,Sequence_2033,seq_17363,220.0,0.9,CAUUUUUACUUUUUACUUCUAAUG,0.9939751274995144
490,Sequence_4844,,10000000000.0,,AUACUAUCACUCUUUCAG,0.9255034415578108
491,Sequence_3111,,10000000000.0,,CUAAUACAAAAACAAAUUUAUCUUACU,0.9626908519965032
492,Sequence_1931,,10000000000.0,,AACACUUCUUUCCACUGC,0.8653520139666265
493,Sequence_3224,seq_27404,330.0,1.0,AUUUUUAAACAUUUUUUUCUUUUAAUG,0.9974316608998308
494,Sequence_4716,seq_7783,1400.0,0.95,AAUUUUUUUCUUCAUCAUUCUCACU,0.993155682736102
495,Sequence_3225,seq_18740,670.0,0.8947368421052632,AAAUUUACCAUAUUCUAUUAUAA,0.9603241635298484
496,Sequence_1211,,10000000000.0,,AUUUCUCUCUCCUGAAAUUAAGAAACUG,0.0908186990294829
497,Sequence_2211,seq_25907,250.0,0.896551724137931,UUUAAAUUUUUUUUUUUUAAUUAAUUUAAUUUAAUAG,0.9997948633984104
498,Sequence_2876,,10000000000.0,,CCCCUUAUUUAAUCACG,0.9067442621602028
499,Sequence_2398,,10000000000.0,,UAUAAAAUAGAAUAUUUUACUUUCUGAGCC,0.5359108064917086
500,Sequence_906,seq_30051,420.0,1.0,AACUACAGAUUUUUUUUUUUUUUUUUUUAACCAGUAGUACUG,0.9869335474570272
501,Sequence_4074,,10000000000.0,,UAUUUAUUUACUUCAUUUUGCAAUAUACUG,0.8981674919950395
502,Sequence_2524,,10000000000.0,,CAUUUCAUAUUUAACUCUAAAG,0.9605238100355044
503,Sequence_4453,,10000000000.0,,AUUCUCUCUAUCAAUUAG,0.8851830121850951
504,Sequence_2142,,10000000000.0,,UAUGACUCUACUUUAUUUUACUUUGAUUUGUUCCCCUUUUUUUUUUUUUUUUUUUUUUAAUUUG,0.9999489160000352
505,Sequence_158,seq_26203,4300.0,0.8181818181818182,UCAUUUUUCUUUUCUCUCUAAA,0.9837528326187476
506,Sequence_3021,,10000000000.0,,UACAAUCUUUAAAAG,0.7817013832516647
507,Sequence_2583,,10000000000.0,,UACACUACUUUUAAAAUAAAAUUAU,0.906350308904142
508,Sequence_3442,,10000000000.0,,AAUAUUAUAAUUAUAUAAAUUUUUAUUCAAUUAA,0.9954835054893924
509,Sequence_1401,,10000000000.0,,ACAUUCAUUUAUCAUUUUCUUG,0.981893461160215
510,Sequence_4273,,10000000000.0,,AAAACAUCCAUUUUCUACCCG,0.9681836897710424
511,Sequence_4748,,10000000000.0,,UUAUUAUGACUAUAUAACUUUCACCAUCUAAACCAAGUAUAAUUG,0.850070124098906
512,Sequence_4776,,10000000000.0,,AUUAAAUACUAUCCAA,0.7864870117595555
513,Sequence_2449,,10000000000.0,,AUUUUCUACUUAUCUCUUUUUACUG,0.9955952754739652
514,Sequence_3997,,10000000000.0,,UCCAUUCUAUUCUAUUUUUCUCA,0.983549376777615
515,Sequence_305,,10000000000.0,,AUUAAGUACUAUUCUUUUAACCUAUUAUUUAAUUAUUG,0.9839957086738907
516,Sequence_3879,,10000000000.0,,CUGCCUUCAUGGACAGAUUGU,0.0220004373055008
517,Sequence_2184,,10000000000.0,,ACUUUCUAUUUUUUCUAAUUUCAUUCUG,0.9973958417740476
518,Sequence_4790,,10000000000.0,,UCAUUUUUAUUUUUUUUUAUUUUCUUAAG,0.9993398978609788
519,Sequence_2029,seq_9509,500.0,0.8947368421052632,CAUUAUACACUUAUUUUCCAUUUCUAUUU,0.995551644782038
520,Sequence_3869,,10000000000.0,,ACAUUUCCAUUUUAAUUUCUAGUACUAAAUUGUAUACUAUUUCCAUAUAUUUAUCCAG,0.9949640338379048
521,Sequence_3413,,10000000000.0,,AUUUAAAAUUUAACCUACUUUCACUUAAG,0.9903277716452148
522,Sequence_342,,10000000000.0,,AUCAGUUUAAUCUGUAGCAAAACUAUUUGCCAUUUUCCUUUUAAUAACUAACG,0.9255283921151832
523,Sequence_4477,seq_41524,770.0,0.8214285714285714,UAUACUUUUUAUAUUUUUUUUUUAUCAAUG,0.999136227918193
524,Sequence_2526,,10000000000.0,,CUACAGGGUUAUUAAUCAUUUCUUUCUUG,0.6094309724717955
525,Sequence_3303,,10000000000.0,,UUUGUUCGCUUUUGUUGUUAAUAAAAUUUUUUGUCAUAACCAUUUAAGUU,0.8561602500649298
526,Sequence_3210,seq_33378,2000.0,0.9444444444444444,CAUUUUUUCUUUAAAUAUUUUCCAUCC,0.9892985417975126
527,Sequence_695,,10000000000.0,,UUUUUCUUAUUUAUUUUUAUUAUCCCAUUCUAAAG,0.99927145244287
528,Sequence_2959,,10000000000.0,,UUAUAUUUUUACUUUAAUUAUAUUUUUAAAUUAUAC,0.999367352562904
529,Sequence_3139,,10000000000.0,,AACUAUUCUCUUUUUCUUUUUCCUUA,0.9964822958784118
530,Sequence_4585,,10000000000.0,,ACAAUUCAAAUACACU,0.7430732078219644
531,Sequence_86,,10000000000.0,,GAGCUCGUGGAGACGA,0.0251621632717287
532,Sequence_2513,,10000000000.0,,UUAUUUUAUAUACUACUUUUAAGUUAGAAUUGACCAUAACUUUUUUAG,0.985306656366643
533,Sequence_2034,,10000000000.0,,CUAUAUUCCACUCUG,0.8330313214928369
534,Sequence_1486,,10000000000.0,,UAUUUUCUAAUUAAAAUCACUUUUU,0.9808494638542792
535,Sequence_3743,,10000000000.0,,ACAUUACAUAUUCUAUCAAAU,0.9255288113161212
536,Sequence_1402,seq_17167,1100.0,0.95,UCAUUACCCUUUUCUUUUUUCAUAUUUUACUUUCUCACG,0.9998807779021304
537,Sequence_493,seq_33217,83.0,0.8333333333333334,ACUCUAAGUUAUUUUAUUAACUGGCCUAUUAUUAAUG,0.7527264744038309
538,Sequence_2366,,10000000000.0,,UUAGUUAACACCCUUUUUUUGCACUUUUUCUAUGUCUCUGUACCUGUACCAUUCCUG,0.8939154212892619
539,Sequence_2725,,10000000000.0,,GCUCCUUAUUUUAUUAUUAAUAUAUAUUUUUAUUU,0.975576792959527
540,Sequence_3147,seq_24954,130.0,0.8636363636363636,UAUUUCCCCAUUCUUUUAGAAUAUUAAAG,0.5365285101665284
541,Sequence_1099,,10000000000.0,,ACUAUUUCUUAAUCCCUCCCCACAGUCCAUUUUCUACCUUCUUUUUUGAGUU,0.974155105971143
542,Sequence_1411,,10000000000.0,,UCAACAUUUAAUAUAUAAUUUUC,0.9500861231918076
543,Sequence_3939,,10000000000.0,,UUUCUUUUCUUUUCUUUUUUUCUUCUA,0.998963142120002
544,Sequence_68,,10000000000.0,,AUAUUCAUCUCAUUAUUAUUAACG,0.9911288982955196
545,Sequence_3106,,10000000000.0,,CACUUUACUUUUCUCACCUUUCUG,0.9857232795505568
546,Sequence_4950,,10000000000.0,,CUAUUUUCUAUCUUCUACCUAUUU,0.9819709058012632
547,Sequence_975,seq_1608,4.1,0.88,UUCUAUUUUUCAACUCUGUAUAUGUAUAUAG,0.5846709403747368
548,Sequence_4734,,10000000000.0,,UUUUUAAACAUAUUG,0.8843440078633297
549,Sequence_44,seq_36036,46.0,0.6818181818181818,AAAUCCUUAACUGUAACCUUUCACUGUAAGAAAUGAACUUUUUAAUUUACUUCUAUUUCCUUUUGUU,0.992777602022526
550,Sequence_4487,,10000000000.0,,GUUUAUGAUGUUUGCUCUUUUUAUUUAUUUUUCUCUUUACAG,0.9825464674384669
551,Sequence_3170,seq_36852,99.0,0.84,UCACAAUUUUAUUAAUCAUAUACAUUUUA,0.9898112781777963
552,Sequence_794,seq_29751,470.0,0.88,UAUUAAACUUUUCUUUUAUCUGUUUAAUAUCUAAAAAAG,0.9703620480759
553,Sequence_1339,,10000000000.0,,UUCUUCAUUUCUCUUUAAUUCUAU,0.9855188870619964
554,Sequence_1809,,10000000000.0,,UCGAAUAAUUUUAAGGCUGGAGUGUCAUAAUAUCUGGAUCG,0.4537411602030535
555,Sequence_3852,,10000000000.0,,AUAAAUUCUUGCAGAAAAUUCUUUAAAGAUGUUUAG,0.3213091687083703
556,Sequence_529,,10000000000.0,,GAAUUUUAUUUUAAAAUAAAAUAAAUUUAUCUUAGAAUCUG,0.9023039172907792
557,Sequence_3673,,10000000000.0,,CAAUAAUAAACUUAACUCCUU,0.8878672684753688
558,Sequence_976,,10000000000.0,,AAUUUUAAAUUUCUAUCAUCACUCUUUUUAUAU,0.9969858187221836
559,Sequence_1111,,10000000000.0,,CUUUGUCUUUAAUUUAUUGAUUUUCUUUUCCCAG,0.8714711256820676
560,Sequence_3661,seq_3876,170.0,0.8571428571428571,AAUUAUAUUUAUUUUCAACAUUUAUCUAAAAUUUG,0.9985319549100736
561,Sequence_3619,seq_42948,3900.0,0.8823529411764706,AAUCUUCAUUUUUUAACUUUUUCCCAG,0.9967093407995428
562,Sequence_3260,,10000000000.0,,CAUUCAAAGCGCGCUUUGUUUAG,0.2091750848196663
563,Sequence_1553,,10000000000.0,,UUCCCACUUAAAUAUUCUCAUUG,0.92595157201296
564,Sequence_2636,,10000000000.0,,AUACAUCUUUUUUCUUUCUCUAUUUUUUGG,0.998818158469788
565,Sequence_1875,,10000000000.0,,CUAUAUAUACUUCAUUCCAUUUCUUAAUG,0.9918123861238832
566,Sequence_1582,seq_1494,1900.0,0.84,UUCAUUUUCCUUUUAUUUUAUUAUCUUAAAG,0.9982304266382336
567,Sequence_442,,10000000000.0,,CAACCAAAAUUUUC,0.6171123551041974
568,Sequence_2064,,10000000000.0,,CAUAUCAUUGCCAUUUGUUUAUCCUUUCAUUAG,0.741370806339517
569,Sequence_4698,,10000000000.0,,UUUUAAUACACAAAUUUUAUACAUUAA,0.9859592751696244
570,Sequence_584,,10000000000.0,,CAAUCACUACCAUAUCCUUAG,0.9165003207988308
571,Sequence_864,,10000000000.0,,CACUCCAGAUAUUACCUGUUUUCUAGUG,0.1457724851246181
572,Sequence_208,,10000000000.0,,AUAUACCACUUCUUACUUUAAUUUAAG,0.989924559904512
573,Sequence_3126,,10000000000.0,,GUUAAUUUAUCUAUUAUUUCAUUUAUUG,0.944188794334149
574,Sequence_2348,seq_20724,250.0,0.9411764705882353,CAUAUUUUUUCAUAUAACAUUAUUUAAAG,0.99265131884677
575,Sequence_4760,,10000000000.0,,ACUACUUCUCUUUUAUAG,0.931948126095785
576,Sequence_2183,,10000000000.0,,CAAAUAAAUACUUUUAAUAACUUCUUGCUUUUCUGU,0.7869171928095652
577,Sequence_537,,10000000000.0,,CAUACAAUUCAUUAUCCAUUUU,0.9386628476349792
578,Sequence_2676,seq_39625,1900.0,0.9411764705882353,UUACUUUCUCUCUUUCAUUAU,0.971936350382153
579,Sequence_1203,seq_26340,950.0,0.9,AUAUUUUACCUUUUUUAAUAUAUAUUUAAA,0.9947463597413684
580,Sequence_2280,,10000000000.0,,UAUUCUUUUCCAUUAUCUUCUUCACU,0.9919344282389808
581,Sequence_4004,,10000000000.0,,AGAGUAUGUUAGUGUGCCCGUGUGUUUUUACA,0.0209894021238664
582,Sequence_99,,10000000000.0,,UUAUUAACUUUUCUCCUCUUUUAUUUAUUA,0.9972099186500798
583,Sequence_2521,,10000000000.0,,AUCCUUACAUUAUCUCACACUUUUACG,0.993815797476966
584,Sequence_2915,,10000000000.0,,UGUAAUGUUUUUAUUUUUACAGUUUGUUCUUUUCAUACUACAGUUCU,0.9653841019653614
585,Sequence_4465,,10000000000.0,,UUAUUAAAUUACACUUCCUCG,0.9594862085191664
586,Sequence_2424,seq_23947,140.0,0.9444444444444444,UUUUUCUUUACCAAUAAAUUCAAAG,0.9806776749946324
587,Sequence_4541,,10000000000.0,,UUUAUUUUCUUAUCUCUCUUCUUAUCUAUAU,0.998096683664159
588,Sequence_4097,,10000000000.0,,ACAAUAAUUUCUACUUUUCUCUUAUUCCUUUUUCUUG,0.9996608932524274
589,Sequence_2467,,10000000000.0,,ACUUAACUUACCUUUAAAAG,0.9020777014322472
590,Sequence_2259,seq_12236,870.0,0.8571428571428571,AUUUCCUUUACUCUCCUUUAAUGAUG,0.8961914030073772
591,Sequence_1280,,10000000000.0,,UCUAUUCCUUACUUCUG,0.9462805928946064
592,Sequence_1898,,10000000000.0,,UAUUAUUUUAUUAAAAUAUUUCAAAUUAUACUUUA,0.9972616260818828
593,Sequence_1901,,10000000000.0,,AUAAUACCUACUUAUCUG,0.9349259023946952
594,Sequence_4173,,10000000000.0,,CUUUAAUCACUAUCAUUUACUG,0.9735836150334052
595,Sequence_2379,seq_24674,1200.0,0.8695652173913043,AUAAUCCUUAAUUUUUAACCUUCACUCCUUUUUCCAG,0.9989576285544676
596,Sequence_2437,,10000000000.0,,UUUUCUCCUUUAUUUUCCCUCUUUGUUACUUUCCCUGG,0.9867105703154986
597,Sequence_4068,,10000000000.0,,UAAUUUGAACCAUUUAUUCAUUAUUGGAGCUUUG,0.5947069197201166
598,Sequence_3498,seq_1787,640.0,0.8888888888888888,AUUUUUCUUUCAAAAUUUCUUUUUUUG,0.9969509430602096
599,Sequence_668,seq_38229,520.0,0.8636363636363636,UUUUUUCUUAACUUUUCUUCAACCUUUG,0.9969101395570874
600,Sequence_1548,seq_23858,530.0,0.875,UUUCAUUUCAAAACAAUUUUCUUUAAUUUAUUUAUCAG,0.9994671081762584
601,Sequence_4530,,10000000000.0,,UUAUAAGACCAAAACUUUUCCAUU,0.2402813644871475
602,Sequence_4990,,10000000000.0,,AUACUUAUAUCCUG,0.8768318438759141
603,Sequence_4026,,10000000000.0,,UAACAUUCUUCCUUUUAUAAUUAUAUG,0.9883602799183264
604,Sequence_1335,,10000000000.0,,AAUAUCUUUUUUUUUUUCUUUUUUCACUG,0.9994714561629958
605,Sequence_1325,,10000000000.0,,AAUCUCCCACUUUAGGCUGGACGGUGUUU,0.1527398647336424
606,Sequence_1257,,10000000000.0,,AGAUUAGGGUUGAUGAUGCGUUAGAUUAAUUAGUGUUUAUAUCGGCGUGCUCCG,0.4323133974930226
607,Sequence_235,seq_1835,3600.0,0.9444444444444444,UUUGUUUCACUUAUUUAUAUUCAG,0.8296170127544121
608,Sequence_3577,seq_37413,1500.0,1.0,CAAAAAUUUUUUCCUUUUUCCUUUUCCAUAAA,0.9949701465330988
609,Sequence_4378,,10000000000.0,,AUAAUUAAUUUAUUUCUAUUUCUUUUUUUAUUUUUUU,0.9998346431718412
610,Sequence_1032,,10000000000.0,,ACUUAUAAUAUACCAUGUUUUGUUUUUUUGGAUA,0.4816261371872191
611,Sequence_4178,seq_33116,3800.0,0.9411764705882353,AUCAUUUAUCAUUUUAAAACAUUAUUUUUG,0.9961874400279755
612,Sequence_3542,seq_40255,720.0,0.8823529411764706,CAUUUUUCUUCUCUUUAAACUUUAG,0.9934892616197398
613,Sequence_1801,,10000000000.0,,CAACAGAGCUUUAUGAGACAUUUUUUUCUAAAAAAUUGUUACUUAUUU,0.4658735443884707
614,Sequence_3597,,10000000000.0,,UGUUAAUCCAUUAGUUUAAUCGCCUACUUUUUUUUUUUUUU,0.9422204205309512
615,Sequence_316,seq_10780,1400.0,0.8333333333333334,UCAUUUUUCAUUUUAUUCUUUAAG,0.9927628086740412
616,Sequence_4922,seq_8534,2800.0,0.8518518518518519,CUUUUUCCAAUAUUUCUCCCUGUUUUUAUUUUAAGC,0.9525478934882328
617,Sequence_4635,,10000000000.0,,CUUUUUGGUUUUAAUUUUACGCAU,0.5702377323415931
618,Sequence_3257,,10000000000.0,,UUUUCACUUCUUUUCCUCAUG,0.980170959865356
619,Sequence_2385,,10000000000.0,,AUCUUUAUAAUCAAUCUCUUA,0.945149135686572
620,Sequence_3507,,10000000000.0,,AUCAUCAUUUUUCUUCCCACG,0.9849961256925648
621,Sequence_4538,,10000000000.0,,UGGGUCUUGCUGAGGGAUUGUGCAAGAACUACCGCAGUUUG,0.1122199688080267
622,Sequence_557,,10000000000.0,,AUCAUUUAUCUCUUUAUCAUCAUAUUCUG,0.9975025850877928
623,Sequence_1214,seq_11699,140.0,0.9473684210526315,UACUUCCUUCAUAUUUUUCAG,0.9671468165542476
624,Sequence_2186,seq_21649,82.0,1.0,CUAUAUUUUACCAAAUUUUUUAAAA,0.9747083610831274
625,Sequence_1840,,10000000000.0,,CUCUGAUCUUUUCGCCUUUAUUCACA,0.5129317071856196
626,Sequence_4049,,10000000000.0,,ACAGACGCAGACCUGAAUCCCCUCCUGAUUAUU,0.0155130860493937
627,Sequence_1955,,10000000000.0,,CUUUUAAAUACCAAUACUCUUUCAG,0.9780445061740968
628,Sequence_655,seq_18069,790.0,0.8947368421052632,AAGACGAAAGAUUUUUAUUUUUUCUUUUUUUUUGGGGGAUAGUAAAACUG,0.9476304629549416
629,Sequence_1100,,10000000000.0,,CUCAUUAUUUAUUUUCCUUUUUUCAAG,0.9963038552231948
630,Sequence_3377,,10000000000.0,,CUUAUUUAUCUCUAUUUUA,0.959449166619852
631,Sequence_2461,,10000000000.0,,UAUAUCCUUAUCUUAUCUCUUUAUCUCUUUUG,0.9988837173227428
632,Sequence_3057,,10000000000.0,,UAUCAUAACACAGAUUCUUCCCUCAUUG,0.4954145514545791
633,Sequence_2752,seq_26203,3800.0,1.0,ACAUUUUUCUCUUUCCAAG,0.960086927758438
634,Sequence_845,seq_42109,740.0,0.8518518518518519,GAUAACUUUUUAUUUAACACUUUAAUUACACCG,0.9842959726512186
635,Sequence_4883,,10000000000.0,,UCUUUUUUCCUACUUAUAUUUUUAUAUUUAC,0.9982036819734716
636,Sequence_3856,,10000000000.0,,UCUCUUCUCUACCCUCACA,0.8128232071828881
637,Sequence_2617,,10000000000.0,,CAACAUUUUUUAACUUCCUCACG,0.9835154531781782
638,Sequence_3703,,10000000000.0,,AUUACAUUUUAAAUAUCAUCUUCAAUAG,0.9858980957282516
639,Sequence_1198,seq_12056,390.0,0.8148148148148148,CAGGAAUGUAAUUUCUAAAGCAAAUAUGUAUCAUGGU,0.0957199672814922
640,Sequence_4989,,10000000000.0,,UACUUAUAAUUUCUAUCUUCUCAUCUAUCAG,0.997276392593639
641,Sequence_3645,seq_26659,3200.0,0.9,CAUUUUUAAAACUAUUUUUUUACUCAU,0.9942948221337798
642,Sequence_3591,,10000000000.0,,UCUUUAAAUAAAAGCUUUUUUUAUCCUGGUAAUUUUUCCA,0.6629303142940947
643,Sequence_3875,,10000000000.0,,UUCAAUUUUUUAGGUUUCUCUCAUGUUUUUGUUUUGUCUAUCUUUACCCCUAGGAAAUCUCAUGUGCAUG,0.9720578443814668
644,Sequence_1723,seq_44122,190.0,0.7419354838709677,AUUAUAUAAAUGUUUUCAUUUCAUUAUGUUGUAAGUAGCUG,0.5404310899232108
645,Sequence_3919,seq_42834,2300.0,1.0,AAUUAUUAUUUUAUCAUUCAG,0.9826982375150096
646,Sequence_4959,,10000000000.0,,AUAAUUAUUAUUAUUACUAUUUACGGCAUCAUCAUUUG,0.9832120568281756
647,Sequence_2680,,10000000000.0,,ACACCCUUUAUUUCUUUUUCUUUUUUUUUUUCCUCUAUUG,0.9999318151228834
648,Sequence_3295,,10000000000.0,,CAAAAUUUUAUCAUAAAUA,0.8532073569073264
649,Sequence_1506,,10000000000.0,,GGUGCCCCUUUAAAUGUACAUUAAAAAUCAGCUUUUUG,0.2348717234061428
650,Sequence_1066,,10000000000.0,,UUUCUUCUAAAUUUUUCAUUCUUUUUACUUAG,0.9991485959310628
651,Sequence_1870,,10000000000.0,,ACUUUUAUAUUCUCAAUUUCUCUUUCAUA,0.9951422570437936
652,Sequence_4274,,10000000000.0,,UUUAUCCACAAAAAAAUAUUUACUUUUAUUAUUUUUAUUUCUAUUGU,0.9997784117792148
653,Sequence_4100,,10000000000.0,,UGAAAUUUUUUUAUUUGUUUAUUUUAUCAAGACUAAAUGUCUUUAAAUUCCCAUGAUAAAGAAGGAUUUUUC,0.9511284407971043
654,Sequence_2074,,10000000000.0,,UCCAAUAUUUUUUAUUUUAAUUCAAAA,0.9866052730318672
655,Sequence_5000,,10000000000.0,,ACUUUAAUUCAAAAAUUAAUACU,0.9244795425318408
656,Sequence_1984,,10000000000.0,,CUUUCUCAUUCUUAUUUUCAAAG,0.9792020219123158
657,Sequence_3022,,10000000000.0,,GCCAUCGUUCACAAAAG,0.0850145313544171
658,Sequence_1882,seq_21917,290.0,0.875,UCUCUAAUUUCUUCAUCAUCAUCUCU,0.9838495003409816
659,Sequence_438,seq_35643,4300.0,0.8095238095238095,CAAAAAAAAUAAUUUUAUAAUUUAUUAUUA,0.9811755440235916
660,Sequence_3454,,10000000000.0,,UUUCUUAACUACUCACA,0.8962257081744816
661,Sequence_1596,seq_16715,9.1,0.7419354838709677,CAUUAAAGAAAUAUAAUUCUCAUGUAUUAAAUUUGUUAUUUAUAG,0.6546909190762988
662,Sequence_3687,,10000000000.0,,UAAUCAAAACAAAUUUAUUAUCUA,0.954736058886512
663,Sequence_426,,10000000000.0,,CACUUCAUAAAGCAUCUUUUUUCCACUAUCUUUCUUG,0.958823487143472
664,Sequence_3316,,10000000000.0,,UCAACCUUUUCUCCUUUUCUUUUUUUAG,0.9967366977301688
665,Sequence_485,,10000000000.0,,AUUCAGUGACACUUACAUACUUUUUAAUUUCUAAUUAUG,0.9675873507550696
666,Sequence_4870,,10000000000.0,,AAAAACAUUAUUACCCUUUAAU,0.945213176465755
667,Sequence_4417,seq_17239,1800.0,1.0,UUCUUUUCUCUUUUCAUUUUUUUAUUUUUAA,0.9990265333018672
668,Sequence_1817,seq_38609,360.0,0.7727272727272727,AUUCUUAUUCUUUUCAUUAUACAUUUUCCCUAACUG,0.9992367827731792
669,Sequence_1905,seq_20137,800.0,0.95,AAUUUCUAAUCUCUUUUUACUUUCCUUUUCUUUU,0.999427439377856
670,Sequence_123,,10000000000.0,,ACAAAUAAAUAACUUAUACAUUUUAG,0.9680901421348336
671,Sequence_2431,,10000000000.0,,UUUAUCAUUUCAACAUUGACAAGG,0.5377587117213393
672,Sequence_567,seq_22015,180.0,0.8333333333333334,GUGGAAAAAAAAUCAUUUUUCUACAUUUUUCCCUG,0.8479459122933146
673,Sequence_1671,,10000000000.0,,CCUUUUUCUAAUUUCCCUCUUCUCAGGAAUCU,0.7461981987700278
674,Sequence_4010,,10000000000.0,,ACAUAUUUUCUUUUCAUUCAAUG,0.9879379017300473
675,Sequence_4548,,10000000000.0,,AUUUACCUAACUUAUCUUAUUUUUAAACUCACC,0.9975803771738592
676,Sequence_1640,,10000000000.0,,UGUAAUUUAUUUUUUUAUCAUAUUCCUUCUUUUACUG,0.9932175121856848
677,Sequence_723,,10000000000.0,,UAUGUUCUUAAUGUUUUUUAUUCUCCCUUUUGAG,0.8848689994683798
678,Sequence_553,,10000000000.0,,CUUUUAACUUUCCACUUUUUAAUAUUG,0.9905275237967274
679,Sequence_1291,,10000000000.0,,CUUCAUCAUCUGUUAG,0.2591336873695867
680,Sequence_2891,seq_16221,2500.0,0.8947368421052632,CCAUUUUACUUUUUACUUCUCUAAUUUUU,0.9965533833643944
681,Sequence_1087,,10000000000.0,,CAUUUCUUAUCUCUAAAAAUCUUAAUUUU,0.9891176697763732
682,Sequence_4176,,10000000000.0,,UGUUUGAUGUGCUUUUGUUUUUUUUUUCUGUUAUUUUUAUG,0.9122004469192322
683,Sequence_2605,,10000000000.0,,UUAGUUUUCAUUAUUAUAAAAUCAUUUGUUGUUUACAG,0.7993969736428268
684,Sequence_2597,seq_19497,2500.0,0.9444444444444444,CUAUUUUUCCUUUUUCCUUUCCAUAAG,0.9931624861480502
685,Sequence_978,seq_31360,42.0,0.9090909090909091,CCUCAUUUUUUCCAUUUCUUUAACCUAG,0.9960462666094354
686,Sequence_3440,,10000000000.0,,CUUAUUUUUCAAAAAUUAAUAUUUGGU,0.9703666116210976
687,Sequence_3664,,10000000000.0,,AGGUCAUAUAAUAAUUUAACUCGAAGCGUA,0.7006221677897635
688,Sequence_1493,,10000000000.0,,UUUUAAUAUUUCUUCUUCUUUCACU,0.993930004345698
689,Sequence_4380,,10000000000.0,,AGAUGUGUUAUAAAGCAUUACCAUGGGGGUCUUU,0.0353385782598507
690,Sequence_3681,,10000000000.0,,UAAAAUAUCAAUUAAAAUCAUUUAAUACAG,0.981475137493829
691,Sequence_654,seq_37984,1100.0,0.9444444444444444,AUCAUAACACUUCCUACUAUUUUAUAG,0.9827552164597648
692,Sequence_1385,seq_35951,2300.0,1.0,AUCUUUCAAUUUUAUUUCUAUAUUGG,0.9902155038931308
693,Sequence_1236,,10000000000.0,,CUCAGACAGCCGGCAGGUCGCCGUA,0.0706142750079083
694,Sequence_2414,seq_41899,1300.0,0.8076923076923077,AUUCUUACAUUUAUUUAUCUUUUAAUUUACUUAG,0.9994412231786258
695,Sequence_248,,10000000000.0,,CCUUUUCAUUCUCAUAACUG,0.947150590648968
696,Sequence_4125,,10000000000.0,,AUUUCCAGGCUUACAUGUUUUACUCUG,0.2157805927580307
697,Sequence_2673,seq_15797,1300.0,0.8695652173913043,UCUUAUUUCUUCUAACUAUUUUAACCA,0.9919922206856032
698,Sequence_11,,10000000000.0,,UUUCAUUAUUGUCUUAUUUAACUUUUGUUUCUUUUAAUUUUAUGAG,0.9907584861485872
699,Sequence_2301,,10000000000.0,,UUACAUCCACAUCUACCUACU,0.9027850417945732
700,Sequence_204,,10000000000.0,,UGUAUCACUAUAUUUGUUUUUGUUUUACAUGUUCCUUUUAUUAUUUG,0.942725095175424
701,Sequence_1441,,10000000000.0,,CUUUCUCAUGUAACACAUAUAUACACAGUUCCUUUUA,0.3792771010529896
702,Sequence_1528,,10000000000.0,,AGAUCUCUACCCUUCUGAUGCCGUUGCCUUCGGCUA,0.1582746308919689
703,Sequence_136,,10000000000.0,,AUACAUAUUUAUGUGUUAAGUUUUUUCCUCUGUAG,0.5517801266396947
704,Sequence_3227,,10000000000.0,,AUUUUUAUUUUUCAUAUAAUUCAUUCU,0.9939618904790232
705,Sequence_665,,10000000000.0,,UUCCCAUCUCUAUAAUUUUUAUUUAUAAAG,0.9821933106530496
706,Sequence_1653,,10000000000.0,,CUUCCUAGGGAUUUAGGGUUUCAACGUCUUAAA,0.0268959585766474
707,Sequence_583,,10000000000.0,,UUUAUACUUUAAAACAUAUCUUUCUAUACUCUUAAUG,0.9991059143589024
708,Sequence_3074,,10000000000.0,,CUUUCAUUUAUUUACAAUUUAUUUAUUCUUU,0.9971904028763824
709,Sequence_3365,,10000000000.0,,CUAUAUUCCUCACUG,0.8438792011408157
710,Sequence_1890,,10000000000.0,,AAUUUCAUCAACUUUUCCCACACUGUACUG,0.8064435977433153
711,Sequence_106,,10000000000.0,,GAAUCAUCCUCUUUUUGUAUCACAUGCUAAUAUAAUCUUCAAG,0.520123085324478
712,Sequence_3191,,10000000000.0,,UUCCUAUCUUUUCAACUUUUUCUUUAACAG,0.9962156080426954
713,Sequence_4505,,10000000000.0,,UUAAUUUAUUUUUCUUUAUUUAAAUUCUAUG,0.9991085148841254
714,Sequence_4769,,10000000000.0,,AUAUUUUCCUUCCUUAUCCUUUU,0.9782968327707866
715,Sequence_3028,,10000000000.0,,CAUCAUCAUUAAUCACAUUUUAA,0.9456299635197608
716,Sequence_1913,,10000000000.0,,UUCCUUUUCCAUUCCAUUACAACUCUCCAU,0.9813904726364628
717,Sequence_813,,10000000000.0,,UCUUUCUACCAAACAG,0.8433735136222912
718,Sequence_1413,seq_34568,2300.0,0.6470588235294118,UAUGUUAUAGGGUGCACAUUUUUUUUAUUUUUUAAUGUAAG,0.8371906264344858
719,Sequence_673,,10000000000.0,,AUUGAAAUCUAUUUCUCCGACAUUUAAAACACAGCUUUUUUUAAACCUCAACAG,0.9731818009746164
720,Sequence_1006,seq_3338,970.0,0.96,AAAUUUUUUCUUUUUUAAAAAACUUAUAAUUUUAAAAAUAUC,0.9993827811191068
721,Sequence_3322,,10000000000.0,,AGACCCGGUUGGUAUUAAUAUCG,0.1838853162507548
722,Sequence_498,,10000000000.0,,ACUUACUUUAUAUAAAAAUAG,0.8834998674995864
723,Sequence_938,,10000000000.0,,UAAUUUUUUUAUCCUCUUAUAAUAAAG,0.991413750394674
724,Sequence_4018,seq_17209,1400.0,0.7407407407407407,ACAACUAAAUAAUUUUUUUUUUUAAAUUUGGUACUUACCUUAG,0.9885440368426044
725,Sequence_1725,,10000000000.0,,AACUUUUCUGUUUAAUGUUAAAUAACACAAUUUUUCACAG,0.9331065752888892
726,Sequence_4124,seq_21917,490.0,0.9444444444444444,CUAAAUUCAUCUUCCUCAUCUUUG,0.97397493054317
727,Sequence_2589,,10000000000.0,,UUCAUUCAUAACUUAAG,0.9068835336403605
728,Sequence_2331,seq_40356,1200.0,0.9,UUUAAACAUUUUUUUAUUUAUUUACA,0.994834763072833
729,Sequence_667,,10000000000.0,,UUAAAACAUAUAAAGUCCAUAAUCUCCUUUACAAAUUA,0.6878815048779581
730,Sequence_3896,seq_40085,940.0,0.8,UAUCAAAUUUAUCAUUUUUCUCUCUCUAUAAU,0.9967640368860076
731,Sequence_2747,,10000000000.0,,CUAUUAAAAACUUCAUCCUUUCAUACU,0.963522329426444
732,Sequence_3181,,10000000000.0,,UUCAAUUUACAAUUUUAUCCUUUAG,0.9906471934086644
733,Sequence_1520,,10000000000.0,,UAUGUAUCUCUAUAUUUCUCUUUUACAUCUUCAGUAUUGUUG,0.9716831958673684
734,Sequence_4208,,10000000000.0,,UUUAUUUUUAUUUUCUCUAUCUAUAUGUGCAUAUG,0.9546326107544028
735,Sequence_255,,10000000000.0,,UAAGCGUCAUUACUUUUUGUUUAAAAUUAUUAAAAAUAUUG,0.878302509931963
736,Sequence_1128,,10000000000.0,,CUCAUCUUCUUAUUUUACUCUAUAUUUUUCUUUAG,0.9993962291897956
737,Sequence_3355,,10000000000.0,,CCACUUUAUCUUAUUCUUAUUUUAUUUG,0.9964680806754032
738,Sequence_766,,10000000000.0,,AUGGUAAUUAUAGGCAAUCUUACAAGAAGU,0.0776209110264019
739,Sequence_3567,,10000000000.0,,UUAUCUCAAUUAUCUUUUUAAACUG,0.9901247887851492
740,Sequence_1020,,10000000000.0,,CCCAGCUUAAAAACAUAUACUGUUAAUUUAUUUCAG,0.5467223914632632
741,Sequence_558,seq_29701,710.0,0.84,UAUUAUCAUUAUAUUAUAUUCAACAUCAUGG,0.9948818555627436
742,Sequence_2232,seq_34029,430.0,0.9,AUAUUCUUUAUCUUUUAUUUUCAUUAAAAACAG,0.9985082392179022
743,Sequence_3064,,10000000000.0,,CAAUUUUUUUCCAUUCAUUUAAUUUUUAUAU,0.9975025868464508
744,Sequence_3891,seq_4473,1400.0,1.0,UAUAAUCAUUUAAACUCUAAAAAUG,0.959020855822176
745,Sequence_4394,,10000000000.0,,AGGUCACUUAUUACCAUGCCCAUCAUUUUUGUUUG,0.6241654657916681
746,Sequence_4038,,10000000000.0,,UCCUCAUCUUAUCUUUUUCAACCUCA,0.970660320982402
747,Sequence_2809,,10000000000.0,,CAACAACUUCUCUUUUUGAAACUUUUAUA,0.3995596090589529
748,Sequence_4399,,10000000000.0,,AGGUUUACGCCAUUUCCACUCCCUUAUCGUU,0.5728971138917457
749,Sequence_1867,,10000000000.0,,CUUGUUUCAAUUUCCCAUUUUCUUCCAUCCUG,0.9183289005603644
750,Sequence_513,,10000000000.0,,UUUUUAUUAUCUUUAUUUUCUUUAUUAAAGUCAUG,0.9852315328450508
751,Sequence_2841,seq_12023,83.0,0.9565217391304348,UCUCUUUUUAAAAAAUUUUUAUCACUCAG,0.992043394323632
752,Sequence_3923,seq_9492,260.0,0.875,UUCCAUUUCUCUAAUACUUUUUUAUCCAG,0.9959925388793666
753,Sequence_1406,seq_34743,330.0,0.9411764705882353,UUAUUCUUUAAAACUACACAAU,0.9414076389810464
754,Sequence_2248,,10000000000.0,,UAUUUUAUUUUCAUUUUCUUUUAUUACAUUA,0.999118516842971
755,Sequence_4660,seq_39661,2700.0,1.0,UUAUUUCUUUUUCUAUCUAUG,0.9899025701962806
756,Sequence_4798,seq_25900,1100.0,0.8695652173913043,UUCUUUUUUAUUUCUUAAUUUAAAUACUUUAAAAG,0.99908300032366
757,Sequence_1676,seq_11321,2400.0,0.8333333333333334,ACUUUAUUUUUCUUCUUCUUUUUCCAG,0.9980778015039806
758,Sequence_92,seq_2026,930.0,0.9473684210526315,UUAUACUUUUAAAAAUAAUCUUUUUUU,0.9853289018614328
759,Sequence_2157,,10000000000.0,,UAUUUCAUUAUUUUCUUUUUUAUAAUGUUU,0.9878008369126756
760,Sequence_4823,,10000000000.0,,CCCUCUCACCG,0.6526175595960199
761,Sequence_3566,,10000000000.0,,UUCAAUUUUGAGGCUAUUUCACAUUUUUAUUCUUG,0.8480218326916792
762,Sequence_2623,,10000000000.0,,AGAUGACACGACAAUUCAGUUCCGUGUUUUUUUC,0.1590118636241528
763,Sequence_717,seq_17209,2200.0,0.75,GUGGCAGUGCUUUUUUUUUUUGUAACCUCGGAUG,0.3470565219831388
764,Sequence_649,seq_25232,620.0,1.0,UCCUUUCAUUUUUUAAAAAAUAA,0.8808002281376309
765,Sequence_1622,,10000000000.0,,UUUUUCUCAUUAUCACACAAUCAAUUAA,0.983453185279141
766,Sequence_1940,,10000000000.0,,CUGGAGGGUGGGCAUCAUUUUUCUUUUCUUCCUCCCCUUGUACCG,0.7520009917732365
767,Sequence_3014,,10000000000.0,,UGUCCUGAUGAAUGCUGAGGCAGUGCUUUUCAGCCUCAUUUCUCAUCAUUUUAAUUGCUCCAUG,0.6090439969023584
768,Sequence_2046,,10000000000.0,,AUUUAUCUCUUAAAAAAUCAUUUAA,0.9595327238736272
769,Sequence_4873,,10000000000.0,,CUCUAUAUCUUCACAACCUUUG,0.9571092922583287
770,Sequence_172,,10000000000.0,,UUUUCACUUUCCUUUUCCAAUUUUUAAG,0.9942316906253064
771,Sequence_3730,seq_41142,280.0,0.7692307692307693,AUAGGAGACUUUUUUUUUA,0.2265764805652653
772,Sequence_2839,,10000000000.0,,UUCUUAUUAAAUAUAUACUAUCAUUUCUC,0.9899441140236384
773,Sequence_1816,,10000000000.0,,UUUUAAUUUAACUCCAAUAUUUUUAGAAUAACCA,0.693414613769068
774,Sequence_1925,,10000000000.0,,UUAUACUUUUUCUUUUUAUCUAUUAUG,0.9977391317765708
775,Sequence_1614,,10000000000.0,,UGUACAUAUUUUUUUCUUUUUUUGUUUUCUUUUUACGUCUGUUCGGUCUGUGUAUCUCUA,0.992538068563122
776,Sequence_527,,10000000000.0,,AAUUUUAUUAACUAAUCAAAUUUAAACG,0.994230561825308
777,Sequence_4073,,10000000000.0,,UUAACUUUUUUUUUUUUCUUAUAUUUUACUUAG,0.999811220584016
778,Sequence_1709,,10000000000.0,,CCACUUUACAAUAUUUUCAG,0.9310992283936784
779,Sequence_3313,,10000000000.0,,CUCCCCUACACACACACUAA,0.6180288232572531
780,Sequence_384,,10000000000.0,,AGAUCCGGCCCGACCGCUCAG,0.0704456771430802
781,Sequence_1726,,10000000000.0,,AUCACCAUUUUUCUUUUCCCUCAU,0.9856872372948332
782,Sequence_1677,,10000000000.0,,AAACAUUAUUAUAAACAAAUUUAAAACAUAG,0.981478100450547
783,Sequence_4891,,10000000000.0,,UGUUUUCAUAUUAUCACUUAACUCUAAG,0.8826036902292971
784,Sequence_773,seq_31949,1200.0,0.8636363636363636,CAUUUAUUUUACAUUUAUUUUCCUUAUUUCUAC,0.9993948108038304
785,Sequence_1570,,10000000000.0,,UUUAAUUAUCUCCAUUAAAAAUUACUUUA,0.9847026536226492
786,Sequence_3067,,10000000000.0,,UAUUUUUUUCUUUUCUCUAUAUUUCUUUAUCAAUUGGCCCUGGUCUCAUAUAGCAUUAUACAUAAAAC,0.999382925944424
787,Sequence_1693,,10000000000.0,,CAUUUUUACUAUUUUUCUUAAUGAACAAUAUCCUUAAUAAG,0.9784452021417096
788,Sequence_3339,,10000000000.0,,AAAACUAUCUACUUUAUUUUAUUUUUCACUUUCUUUCCUUUACUCG,0.9999816922244378
789,Sequence_2243,,10000000000.0,,UUAUUUUCCUUUCUCUUUUUCUUAUUUCAUUCACAG,0.9997765545038904
790,Sequence_4737,,10000000000.0,,UUCACACACCUUCAUACUUUUG,0.9479416706349968
791,Sequence_704,seq_22984,110.0,0.8148148148148148,AUUAAUGAUGAUACAUCAUUUUCUUUUUUUGUUUUAUAAAUG,0.9477218484061684
792,Sequence_2549,,10000000000.0,,AGAUUUAAUUUUUAUUUAUAAAAAAACUUUGACAAA,0.6832718256520313
793,Sequence_2541,,10000000000.0,,AUACUUUUAAUAUAUUUUCUUCCUCUG,0.9946169476300932
794,Sequence_1982,,10000000000.0,,ACCACUUUUACUCUUUAAG,0.955743252475637
795,Sequence_2660,seq_21970,2900.0,0.8333333333333334,GAAAGCCCUUUCUAUAACUUUUAUUUUUUAAG,0.8857440839614439
796,Sequence_4686,,10000000000.0,,CAUUCAUUUUUAUUUAACU,0.9550182814919772
797,Sequence_4151,seq_36250,310.0,0.9565217391304348,ACACAUUUAAUAUUUUAUUUAUAAUUAUAUG,0.9964208124205668
798,Sequence_350,,10000000000.0,,UUAAAGGUUUUUUUAAUUAUUUCUUUUAUUAUUUUUCGCCUUUG,0.9979507698582886
799,Sequence_2984,,10000000000.0,,CUCUUUUCUUCAUUUAACCCUUAG,0.9852883118104836
800,Sequence_452,,10000000000.0,,AAUUUUUAACUUCAAAUUUUUUUACAUUC,0.9972871485308918
801,Sequence_2529,,10000000000.0,,UAUUUAUUUCCUUUUCAUCUCUAUCCUUA,0.9958717003446328
802,Sequence_2047,,10000000000.0,,AUCAUCCACACUUUAUCCAUUUAUCUAUAU,0.9843561869023388
803,Sequence_635,,10000000000.0,,UUUCUUUCCUUUCCAUAAAG,0.9318443251870352
804,Sequence_765,,10000000000.0,,CUACUUAAAAAUUUUAUCUUUG,0.970680350921618
805,Sequence_492,,10000000000.0,,CUGACCUUUUCUUCUGUUUUAUUAUUUUCUCUUGUUCUUCUUG,0.9726697354710128
806,Sequence_2246,,10000000000.0,,AGACAGUUUGAACUCGCAGGUUGGGUAUUUUGCAGGUGUGU,0.0834741129771529
807,Sequence_1192,seq_42695,380.0,0.9230769230769231,UAUCUCUUUUAAAAAUUAAAUUUAUUUAUUUUUUCUUAUG,0.999671796567088
808,Sequence_1069,,10000000000.0,,CUACUUACACAUUUUAUUCACUAUCCUU,0.9875703867389808
809,Sequence_619,,10000000000.0,,GUUAGGACACACUUUUGCUGGGUCUUGCCG,0.0763046546588211
810,Sequence_4283,,10000000000.0,,CUGUUAUUUCCAUUUUCAUUCCCUCCAUG,0.7198663454458876
811,Sequence_3533,,10000000000.0,,CUGCUAGCAAAUUUACAAGGGGUGCCAUUCUAAAUCAUUUGUUUAUUUGCCUAUGUCCAUUAAG,0.5156995816162456
812,Sequence_3079,,10000000000.0,,UAAUAAAUUCUUCAAACAAACUUUUUUUCU,0.9910360720569086
813,Sequence_2520,,10000000000.0,,UAAAUAAAUCCUUUUUACAACUUUUUUAAG,0.996027703508696
814,Sequence_2322,seq_40890,1400.0,1.0,UUUUUUAUAUUUUUACUACUAAAG,0.99253911490622
815,Sequence_4965,,10000000000.0,,AUACAUUAUUACUCUUUUUCUAU,0.9853878929633888
816,Sequence_2140,,10000000000.0,,AACCAUUUUCACACCAUUUAUCUACUUACACUG,0.9964455929127964
817,Sequence_3102,,10000000000.0,,UAUAAAAACUCCAAUUUCUUUUCUU,0.9784601360496242
818,Sequence_3668,,10000000000.0,,AUUUAUUCUGGCAUAACGUUACUUUGUUUUUG,0.5777188111967665
819,Sequence_3208,,10000000000.0,,UCUUCAUUUUUUCUAAAAUUG,0.9663305073211946
820,Sequence_3352,,10000000000.0,,AUUUCUACUUCUCUGCAGCUUUUUAUUUUUUUUAUU,0.8977233769161355
821,Sequence_613,seq_17501,2700.0,0.9,UCAUUUAAUUUUUUUCCUUCUUUCAUG,0.9967934101372162
822,Sequence_4434,,10000000000.0,,UAUUUAUUUUUACAAAUUAUUUAUGUUUUUUUAUAAUG,0.9909235192553706
823,Sequence_2352,,10000000000.0,,CACCUUCUUUCAAACUUUAUCUUAAG,0.9823244569531856
824,Sequence_835,,10000000000.0,,UCAUUUAAUUAAUGUUUUUGUCCUUGUUGUUUUUUUACCAUUCACUUUAAUUCAACACGAUG,0.9978652090255096
825,Sequence_2658,,10000000000.0,,UUUUACUUACAUAUCUAAACAA,0.9535277215260368
826,Sequence_3793,,10000000000.0,,UAUAUAUUUGUAAUUUUAUAUUUCCUCCCAGCCAG,0.7740750548655081
827,Sequence_1996,,10000000000.0,,ACUACUAUUUUUUAUUUUCUUUAUG,0.9958160452203824
828,Sequence_461,,10000000000.0,,CAUCCCUUAAUCCCAAAAUUUC,0.8659313602521879
829,Sequence_4346,seq_17181,570.0,1.0,AUCUUUCAAUCAUUCAUUUCA,0.946628589674427
830,Sequence_3468,seq_23858,520.0,1.0,UAAUUUUUCUUCAUUUUACUUUAUACUAG,0.9983318219554966
831,Sequence_4940,seq_7575,640.0,0.9333333333333333,AAUUAUCCAUUCAUUUAUUAUUAAAG,0.98062356889119
832,Sequence_4739,seq_26107,120.0,0.8695652173913043,CACACAGUUAUUUUAUUUAUUUCUUUCUUAAUUG,0.9747616309964257
833,Sequence_3447,,10000000000.0,,UUCUCUUUUUAUACUCUCCUAUAG,0.9848726897097836
834,Sequence_3746,,10000000000.0,,UCUCAUGCCCCCUCUACUCAG,0.061035198059132
835,Sequence_550,,10000000000.0,,UUAAAUCGUUAACUUAAUUACCUUUAUCAG,0.9104418914262614
836,Sequence_3773,,10000000000.0,,UACAUAUUUUUCAUCUCAAUCAAG,0.9794357318341848
837,Sequence_3130,,10000000000.0,,CUCUUCUUUUUUUCCCUAAUCA,0.982023271711899
838,Sequence_4024,,10000000000.0,,AGCCAUGGUUUCUUCUACAUAUUUGCAAAAUACACCUCCAG,0.5289716783666769
839,Sequence_2466,seq_44305,240.0,0.8947368421052632,CCUUUUCUGAACAUACAAAAACAUAAUAUCCAG,0.5789370752717571
840,Sequence_4479,,10000000000.0,,CUACUAUAAUUUUAUUUUUUAACA,0.9858558568588264
841,Sequence_3178,,10000000000.0,,UUUAAUCACAUUUUCCCAAUA,0.960065100502173
842,Sequence_3299,,10000000000.0,,GAUAUUUUCUUUUUUCUUUCAAAUUGGGAAGGGCUCAU,0.7557574450921982
843,Sequence_3320,,10000000000.0,,UCUUUGUACAUCAUGAAGAUCAUUUUCUUACAACUGUUUCAAUUUUU,0.7419606060713745
844,Sequence_3556,,10000000000.0,,CCCACAUAUCUUUUAUUUCACU,0.951259597947427
845,Sequence_1605,,10000000000.0,,CCUUCACCCCUCACUUUCUUCUACU,0.8846613800591028
846,Sequence_1567,seq_24662,2200.0,0.9411764705882353,ACUUUUCAUAAAUUUAUUCAUUUAUUCUAG,0.9965085659543588
847,Sequence_4762,,10000000000.0,,UAGAUUUUUUAAUUUUAAUUUAUAACUCCUACAG,0.9688217261824428
848,Sequence_3156,,10000000000.0,,ACAUUCUUUUUACUUUAUUUAAAU,0.9859648894512668
849,Sequence_1591,,10000000000.0,,UUUUUCAUUUCUUUCUUAUG,0.9874257533579248
850,Sequence_4222,seq_23327,3600.0,1.0,AAAUUUUUCUUUUUCUUUUACUUUUAG,0.9986085033240842
851,Sequence_3982,,10000000000.0,,AUUUUUCUUCUUUUUUUCUUGCUUUAACCACUAAACUCUG,0.9891089275183887
852,Sequence_2961,,10000000000.0,,UUCCUUUCCACACCCUAAUCCUUAG,0.951671569369574
853,Sequence_292,,10000000000.0,,UACUUUGUUUUAUUGUUUCUGACAUAUUUAUAUAACUCCCAGUAACCGUGCUUG,0.9394538380509172
854,Sequence_2491,,10000000000.0,,ACACAUUUCUCUUCCCUUUUCAUUAA,0.9777301973852848
855,Sequence_1492,,10000000000.0,,AGGCAAUAUACUGUGAGAUACACCUUGUGACG,0.0586481268006984
856,Sequence_3051,,10000000000.0,,UUUCUUCUUAAAAUACUUACACAUUG,0.9850979598918296
857,Sequence_1350,,10000000000.0,,CAUUUACUUAUUCAUUUUUAUUUUUAUCUCUG,0.9994219253069792
858,Sequence_3056,,10000000000.0,,UAUUUCCCACUUAAUUUAAACUUUUC,0.9810523659038544
859,Sequence_2831,,10000000000.0,,UGUGAUUUGUUGCAGAUGAGAUCUUUUUAUUUCCAAAUCAACUUUUUCAAGAUUUUUUUUAAACUCAACAUAUG,0.9975151139285992
860,Sequence_4120,,10000000000.0,,UAUUAAUCUACCUUUAAAAUAUUCAUCUUUCU,0.9933475372095756
861,Sequence_2785,,10000000000.0,,CUAUUAUCUAAAUUUUUUUCUUUUAUUUU,0.9974444123996876
862,Sequence_3331,,10000000000.0,,UUUUUUUAAUAUUCAAAAAUU,0.9454602652273004
863,Sequence_3735,,10000000000.0,,ACCUCUUAUCAUUCCAUG,0.9021031049668335
864,Sequence_4744,,10000000000.0,,CACUUUUUUUUACUCUACUUUCACAUACCCAUUUAG,0.998970787537635
865,Sequence_3972,,10000000000.0,,AGAUAGCUUGAGCUCAAUCUUGUCGUAUAUGAAUGACCUA,0.0378481583056281
866,Sequence_2250,,10000000000.0,,UUUACUCACAUUUUAUUUUCGUACACAAA,0.909949076073326
867,Sequence_2751,,10000000000.0,,UCAUUCUUAUCUCUUACACUUUAAUUG,0.9929400805423992
868,Sequence_3633,,10000000000.0,,UUUUAUUCUUAUCUCUUAUUCCUUUCAUU,0.9976898922957332
869,Sequence_4869,seq_22731,420.0,0.9166666666666666,AGAACUUUUUUUUUUUUUUUAAACAUUGAUCUUUUAGAUUAUAUUUG,0.99033938582252
870,Sequence_580,,10000000000.0,,CAGAAUAGCUAAUGUUCGUGU,0.044919742301921
871,Sequence_4412,,10000000000.0,,UUUAUCAAAAUACCAAACUAG,0.9078085869656956
872,Sequence_856,seq_15865,1600.0,0.8095238095238095,UUUUUUUAUUUAUAACUCCAUUAUG,0.9907172534393488
873,Sequence_2820,,10000000000.0,,AAUUUCAAUUUUUUCAUAUACUAUUUUG,0.9966217340737108
874,Sequence_2334,seq_28080,23.0,0.8518518518518519,CAUUUUCUUCAUUAUAACAUUAUUCAUUUAACUCAG,0.9991585217291588
875,Sequence_4651,,10000000000.0,,CUAAUCAUAUUUUUACUUUACUUAUUUU,0.9961964158265604
876,Sequence_3731,seq_35459,1400.0,0.9047619047619048,ACACCAAUUCUUUUAUUUUCUCAAAACGUAG,0.9920045502317668
877,Sequence_3114,,10000000000.0,,CCACUACCCAUAACAUUACUUCAG,0.9030465016525826
878,Sequence_1189,,10000000000.0,,ACUUACUAAUUUCAAAUACUUAAUUG,0.977530047184686
879,Sequence_4251,,10000000000.0,,ACAUAAUUUUCAUUCUAUACCUU,0.9682616683217132
880,Sequence_2716,,10000000000.0,,CCUUCUACCCUCUCUUAUAUG,0.8589884826202817
881,Sequence_4229,,10000000000.0,,UCUAUCAACUAAAUCUUUUUAAUUCCU,0.9803170495640288
882,Sequence_1261,seq_46336,500.0,0.9473684210526315,AAAUAACAUUUAUUUUCCUUUUAAACUG,0.9944710702120548
883,Sequence_32,seq_6924,3200.0,0.9,AUAUAAUUUUUUUCUUUACUUUUACAUUUCAG,0.9994458776007612
884,Sequence_3027,,10000000000.0,,CCCAGCCCCAUUAUUUUUCAG,0.3279268484173227
885,Sequence_3712,,10000000000.0,,AUAAUCAUUUUUUAAUAAAAUAUACUUUU,0.9872921935695292
886,Sequence_2971,,10000000000.0,,UUUUUUUUUAAUUUUCAUUUAUUUUAAUCUAUA,0.9993289587696552
887,Sequence_798,seq_4766,3400.0,1.0,AAUUUUACUUUUUUUUCAUUUAAG,0.9956128166425257
888,Sequence_4665,,10000000000.0,,UCUUCAUAUUCUUCAAACUCUCUUUAUCUCUUAU,0.9980339952661
889,Sequence_2726,seq_7171,170.0,1.0,CUUUAUUUAUUUAAAUCCCUUUUU,0.9770613154175752
890,Sequence_3216,seq_24538,2300.0,0.9444444444444444,AAUAAAAUUACUUUUCUAUUAUAUG,0.9836059459425248
891,Sequence_4576,,10000000000.0,,ACAAAUCUUAAUUUUUG,0.9188802016429828
892,Sequence_2554,,10000000000.0,,UAUUUAUAAUUAAUUCUUAUUUAC,0.9884512700311362
893,Sequence_2027,,10000000000.0,,UACGCAUGUCUCGCGCCC,0.0881587086330548
894,Sequence_568,,10000000000.0,,UACUAAAACCUUUAUUUUUUCAUCAUUG,0.9947381867468974
895,Sequence_3020,,10000000000.0,,UUUACUUUAUUUACUAAUUUUCCAUUUCU,0.9969841366747504
896,Sequence_2258,,10000000000.0,,CUCAACCCUUAAUGGCGA,0.2925530725894968
897,Sequence_1149,,10000000000.0,,UUUAUGGCAUUCUUACUUUUGUUUAUCAUCCUG,0.8033359913324838
898,Sequence_1718,,10000000000.0,,UCAUCACUUCUAUCUUUCAUG,0.9593696765874514
899,Sequence_4537,,10000000000.0,,UUCAAUCUAUUUUCCCCACUUUUACC,0.9824169242336964
900,Sequence_1651,,10000000000.0,,AAACUCUCUCUUUUUCACA,0.9312744447349728
901,Sequence_455,,10000000000.0,,UGAUUUUUUUUUCCCUUUCUAUACUCUAAAUCUUUAUAG,0.991941694470076
902,Sequence_2002,seq_37859,1400.0,1.0,AACCGAACACUUUUUUUUUUUUUUUUUAAUUUCUAACUUAAG,0.9990966397872212
903,Sequence_3060,,10000000000.0,,UACACAUUUAUUCAUACAG,0.9464927471327584
904,Sequence_1979,,10000000000.0,,UCUACCAAUUUUAUUAUAAAAACAU,0.9237784286925887
905,Sequence_577,,10000000000.0,,UUUUAUUUUUAAUUUAUUCUUCUAAACUUG,0.998672989720988
906,Sequence_1495,,10000000000.0,,UUCUGCUCCUCAAUCCCUAUUCUUCCUUCUGCUAAUG,0.7480199783200834
907,Sequence_3990,,10000000000.0,,UUUUAUUCAUUAAAUUAUAAAAUC,0.9575318385173208
908,Sequence_4005,seq_8012,240.0,0.8636363636363636,UAAAUAUUUUCAAAAACACUUUUCUUUCUCAUUCUAUUAG,0.9995130211565196
909,Sequence_4683,seq_32329,120.0,1.0,ACACUAUUUUCAAAUUCUUUAUG,0.9778828653034196
910,Sequence_4963,,10000000000.0,,UUCUUUUCUCUUUAUA,0.9292479157474642
911,Sequence_4189,seq_25987,430.0,0.7297297297297297,UCAACUCUUUCAUUUCCACAAAGAAUAUAUUCUUAUUUUCCAAAUGUUCUGCCAU,0.9874146076798948
912,Sequence_3053,,10000000000.0,,UAAUAUAUUACUAUUUCUUUUAAUUUCUUUCUAUAUUAA,0.9996685758783678
913,Sequence_2581,seq_13628,570.0,0.9523809523809523,CACAUUUAAAAUUUUCAUUUUUUAACUACUA,0.9948952792796828
914,Sequence_2411,,10000000000.0,,UUUUUUUAUCUAUACCUUUACAUAUUUU,0.9959014187418824
915,Sequence_1064,seq_1089,920.0,0.9411764705882353,CAUUUUCAUCUUUAUUUCAUUUUCU,0.9933170690958116
916,Sequence_4962,,10000000000.0,,CUUUCUUUACAUUUUUUACAUUUAG,0.9931950868292364
917,Sequence_58,,10000000000.0,,AUAUACAUUUAUUUAUAAUGUAACAUG,0.6133937822723257
918,Sequence_1341,,10000000000.0,,UUUUCAUAUUUCUUUAAUUUUUCCAG,0.9967524163961494
919,Sequence_4595,,10000000000.0,,CCACCUUCUUUUAAAUAAAUUAUUAACAA,0.931894065062078
920,Sequence_4016,,10000000000.0,,UACUUUUAAAUUUUAAUCACAACUUAAUAUUUU,0.995714441927121
921,Sequence_4885,,10000000000.0,,UUUUUAUAGAUACUAAUACAAUUUUUAAUG,0.7095980439398129
922,Sequence_1442,,10000000000.0,,CUCAACAAAUUCUAUUUUAAUUAUUUU,0.9762501888329534
923,Sequence_4404,,10000000000.0,,UAUUUGUUUUCAAAAUCUCAAUCAAAAUUUUCAAAG,0.8790147792978704
924,Sequence_3949,seq_25948,460.0,0.9545454545454546,CACUUUUAAAAAAUAUAUUUUUAUAAUAUUUUAU,0.9947616261786908
925,Sequence_3315,,10000000000.0,,UUUUCUUCAUCUCUAUAAG,0.9412717132843944
926,Sequence_3508,,10000000000.0,,CAUUUCUAUCUCUAAUCUCCUG,0.9737777357768702
927,Sequence_1675,,10000000000.0,,AAUUAUCAAUCUAAUCUUUUUGCACUUUAACCAAG,0.9469823018195432
928,Sequence_4272,seq_18240,460.0,0.8571428571428571,AGAAUAUUUAUCUCACUCAAAACACUUUUUCAG,0.9128742464390452
929,Sequence_4015,,10000000000.0,,UCUACACUUAUAAAAACUUGGAUCUUUAUUAUGGUCUAUACCUCUUUUUUUUAUG,0.9814707356032294
930,Sequence_4473,,10000000000.0,,UCUAACCCUUCCCUCCUUAUAAUAUUUUCG,0.9866234414663267
931,Sequence_1459,,10000000000.0,,UUUAAGUAUACAAUUCAAAUUUUUCUCCAACCAGACA,0.7666159461700581
932,Sequence_820,,10000000000.0,,CUUUUUAUCAAAAUAUCUUCUCUCAG,0.98691074477681
933,Sequence_5007,,10000000000.0,,UAUCUCUAUCUUCUG,0.9052530855467836
934,Sequence_273,,10000000000.0,,CUCAUUCUUUUUCUUUUAUAUAUGG,0.9909771911779032
935,Sequence_2018,seq_11023,120.0,0.8709677419354839,AAUUAUAUUUUCUUUUUAUAAUAUUUAAUUUUAAAAAG,0.9992682958600682
936,Sequence_2468,,10000000000.0,,UGGCUGUGUACCUACAACACUUAG,0.1367220261318247
937,Sequence_2264,,10000000000.0,,CCUCUUUACUCUUUUUCCAUG,0.9698074476427336
938,Sequence_3044,,10000000000.0,,AUCCUUUAAAACACUUUAUUUACCCUUCAUG,0.99284382822817
939,Sequence_1862,,10000000000.0,,ACUAUCUCUUCCCUUUUUCAUUCUCUUUUAG,0.9961765083459084
940,Sequence_543,seq_32195,350.0,0.92,AUAAUUUCUUUUUUUUUUACAAAUUAUACUCG,0.9995876402469448
941,Sequence_2005,seq_35940,540.0,0.875,UUUUUUUUUUUCAUCUUAUUUCCAACU,0.9975024665330712
942,Sequence_328,seq_28294,2400.0,0.8888888888888888,CAUUUUUUCACUUAUAAUUAUCUCAUAUCAG,0.9975653908670568
943,Sequence_4596,,10000000000.0,,UACAAUUUUUUGAUAUAUAUGUAACCAAAAAUAUCAUUUUCCCAAAAAAAUCAG,0.9382950318412544
944,Sequence_1938,,10000000000.0,,CAGAACUAUUUAAAAAAUAUUUUAAAUGCAUA,0.3271598985738079
945,Sequence_4729,seq_5604,1900.0,0.9090909090909091,UCUUUCAAUUCACUUUACUUUUAAAAAAAUUUUUUCUUCACUUCAA,0.9997362404788156
946,Sequence_3165,,10000000000.0,,CCUCUUUUCCCCUACUUAAAUUC,0.9080064877025557
947,Sequence_3410,seq_4556,3200.0,0.9230769230769231,UUUCUUUUAUUUUCAUAAUUAACCUCG,0.9969775055507104
948,Sequence_3559,seq_27631,1300.0,0.8421052631578947,UUCUGAAAGUUUUUUUAAAAUAUAUUUUUUUG,0.7616883857288292
949,Sequence_2577,,10000000000.0,,CCUUUUUAUUUCUUUUAUUAUUUUUUUGU,0.9976013067150517
950,Sequence_1300,,10000000000.0,,UAAUUUUUCCCUCAAAUAUG,0.9348945148727952
951,Sequence_2226,,10000000000.0,,AGGCCUUUAGUUGGUUGCGCACCGAGCGCGAGGCCGUCUC,0.1636874472173396
952,Sequence_566,,10000000000.0,,UAUUUUUAUCUAUUUUUUCUCUUUCAUAU,0.9983272710624044
953,Sequence_1449,seq_7335,750.0,0.8846153846153846,CUUACUAUCUUUUUAUUUGUUUUUAAAUUAUCAAUAAAAUG,0.9768795551459966
954,Sequence_1073,,10000000000.0,,CCUCCUUUUUCUCACUUCCCUG,0.9295188180036966
955,Sequence_1767,,10000000000.0,,CUAUACCUUUAUUUUCUCUUAUUAUUUU,0.996751364996184
956,Sequence_1315,seq_27644,710.0,1.0,ACACAGGCGGCUGCGCUAUUUUUUUUUUUUUUUUUUCCAAUAAAUGGGG,0.9944354230285336
957,Sequence_3553,,10000000000.0,,UUUCUUUUCUCCUCUUUUCCUUUUCCCCCAGACCG,0.9838277217655576
958,Sequence_2356,seq_18675,920.0,0.875,UCACUACUUUUUUAAAUUUUACUAAAAUUU,0.990388956858721
959,Sequence_1400,seq_34584,1100.0,0.85,UCUUUACUUUCUUUAUUCACUUUAUUAG,0.9970724197845184
960,Sequence_894,,10000000000.0,,AACUAUACUUUUCCCAAUAUAUG,0.9564656661159614
961,Sequence_767,,10000000000.0,,CUACUUAUUUUAUCAAAUUUAAU,0.968679857565636
962,Sequence_1220,seq_40180,500.0,0.8823529411764706,AUUUCUCAUUUACUUUCAUCAUUUCUCUUAG,0.9983020851490062
963,Sequence_1834,,10000000000.0,,UAAUUUCUUUUCAUCUUAUUUAUCAUG,0.9970050722775496
964,Sequence_4924,,10000000000.0,,CUAUCUUUUCCAUCUUUAAG,0.9550801301460092
965,Sequence_4946,,10000000000.0,,ACCUUCCUUUUUUUUUUUCUUUUAUUUUUUCU,0.9993684457749454
966,Sequence_4993,seq_1786,82.0,0.9565217391304348,UUUACUCCUUUUAAAAAAUUUUUUUUUUUUAAACUCUUACU,0.99970318030518
967,Sequence_4718,seq_18087,270.0,0.9090909090909091,UCUAUUCUUCUUUUAAUAAAUUAUUUG,0.991370581285006
968,Sequence_1515,,10000000000.0,,CCCUUUUUUAACAAUUUUUGUUUUCG,0.8146104007113247
969,Sequence_1924,seq_5494,27.0,0.7916666666666666,AAAUGUUUUAUAGCCUCAUCCCUAUUGAUGUUCUUUUUUUUUUUUUUUUUU,0.9675591811126368
970,Sequence_1630,,10000000000.0,,AUAUUUAAUACUUUUGUUUAUUCAUCUUU,0.7922402589194548
971,Sequence_2874,,10000000000.0,,AUCUUAGUUGAUUAAUUUAACUGAAAAUAUUUAGUGUUAUCAUCUUAUUUUCAUG,0.9361237944397376
972,Sequence_3434,,10000000000.0,,CUUUUAAAACAAUCUUCACAUG,0.94490364510439
973,Sequence_2176,,10000000000.0,,ACAAACCUAUUUUCAUUUUUUCCAC,0.989084001691418
974,Sequence_3770,,10000000000.0,,UACUAAUUUUCAAAAAUACUG,0.9438389973088764
975,Sequence_522,,10000000000.0,,CCUUUCUUUUCUUUUCAAUUUCUUCUUGUUCAUAUACUCCCCUCCAAAACUUUCUAAACUAUUAAAAG,0.9994969387305136
976,Sequence_3364,seq_19015,910.0,0.9444444444444444,UAAUUGGAUGGUUUGAGUUUUUUUUUCCCCAGAUUCAGA,0.3607422824174756
977,Sequence_178,,10000000000.0,,AUAAAUACAUUCUUUAAAAUUUAUUU,0.9740708155535542
978,Sequence_1322,,10000000000.0,,AGUUUCAAAUUUCUAUAUUAUUACUAUUAAU,0.9251637969841444
979,Sequence_2732,,10000000000.0,,UUUUCUUAUUUCCAAACCUCCCAAAAUG,0.9671755124586756
980,Sequence_1366,,10000000000.0,,CACUAUUUUUUUAAUUUUUACUAAAUAAU,0.9942794039380172
981,Sequence_2628,seq_27444,3200.0,0.8823529411764706,AUUCACAUUAUUUUCCCUAUCUUUUUUUUUUU,0.9988589232895004
982,Sequence_23,seq_27841,280.0,0.9047619047619048,ACCAAAUUUUUAUUUUCUUUUUCCAUG,0.9958723536840288
983,Sequence_1645,,10000000000.0,,AAAGUUGACCAUUGAAUUUUUUGUAUAUUCCUUCAUCACAUCCUACAUAG,0.7840335118634824
984,Sequence_549,,10000000000.0,,AUUUCAUAUUCACAUUAUAUUUUUCUU,0.9936032502661054
985,Sequence_4489,,10000000000.0,,UCUCAUUCAUUCCAUG,0.8589428211841211
986,Sequence_1953,,10000000000.0,,AUAUACCUUCUCUCAAA,0.8313272880426456
987,Sequence_2530,,10000000000.0,,AUACCUUUCCUUUUCCACUUCC,0.957986959762819
988,Sequence_2370,,10000000000.0,,UCCUAUUUUUUUACAUCACCUAUUUG,0.9890891361271666
989,Sequence_532,,10000000000.0,,UUUAAUUAUUAAUUUCUUUUUUUUAUGAAUCAGUGCUUUCAUG,0.9407657117371172
990,Sequence_2173,,10000000000.0,,UAACCUUCCAAAAUUGCAAAUUAUUUCAGUGUCUUACAUUUUUAUUUAAACGA,0.9294024282702747
991,Sequence_898,,10000000000.0,,CUUCAUCUUUUCUUUUUUUUUUAUUUCCAC,0.9990219324269808
992,Sequence_2406,,10000000000.0,,CUCUUUAAUCAUUCAG,0.8965975479738156
993,Sequence_3088,,10000000000.0,,AUUAUUUAUAUCAAUCAUUUAUUUCCUUCUUC,0.9973600548894404
994,Sequence_1524,,10000000000.0,,UCAUAAAAUCAUCUUCUCCUUUCUAAUAAACAUUUUCAG,0.9980382845823622
995,Sequence_1455,,10000000000.0,,CUUUCUCACACUAUAUUAUUACAAAC,0.9713326380364908
996,Sequence_4084,,10000000000.0,,UAUAUUUUCUCCAG,0.9151263413008996
997,Sequence_1560,,10000000000.0,,UCGCCCUCUGAUCUUUUUAAUUAUUCACUUUAAG,0.8044144098990398
998,Sequence_901,seq_23270,1600.0,0.8823529411764706,CAAAUCUUAUUUUCUUCCUA,0.960221140503483
999,Sequence_469,,10000000000.0,,UUCUUUUUAACAAUAUCCUUG,0.9759578021005888
